# .PCD v0.7
VERSION 0.7
FIELDS x y z
SIZE 4 4 4
TYPE F F F
COUNT 1 1 1
WIDTH 4677
HEIGHT 1
POINTS 4677
DATA ascii
18.9056 450.7136 -62.5200
17.0274 450.5474 -62.1474
20.7215 450.9089 -64.0326
25.4110 450.9504 -60.5651
12.8478 450.5032 -61.2001
18.6770 450.8426 -68.3149
27.8331 450.9354 -60.4357
27.7924 451.2074 -63.2341
23.1067 450.8535 -72.8062
32.1275 450.3906 -58.3567
31.7954 450.9524 -67.2171
30.9195 451.1806 -69.6181
32.6669 451.0788 -68.9746
33.1723 451.0449 -64.7252
34.1808 451.1037 -61.2774
37.1536 450.9385 -56.1757
35.9366 450.9037 -57.6748
36.1785 451.2550 -69.5787
33.8927 450.9152 -49.6522
32.0930 450.6482 -47.9094
32.9336 451.1852 -75.2663
38.0698 450.8956 -66.7253
34.4617 450.9985 -47.9664
36.7362 450.9817 -74.1635
30.2077 450.5284 -46.7184
41.1626 450.6038 -52.4058
37.3025 451.4019 -72.0573
41.5922 450.7856 -51.3493
42.8266 450.8678 -51.5099
41.5275 450.7875 -68.0401
31.7174 450.6799 -43.0809
44.8562 451.1250 -48.5170
43.7092 450.6997 -68.1626
32.5941 450.7666 -41.6239
47.8661 450.8621 -51.4155
46.8540 450.9133 -48.5983
45.6629 450.9920 -65.3408
47.6016 450.7669 -44.6091
48.9459 450.7045 -50.2532
34.8691 450.8277 -37.1384
45.1245 450.7985 -41.4391
53.1680 450.8501 -49.1439
30.8448 450.7941 -34.6529
45.4722 450.7974 -38.6835
54.0474 450.8225 -47.9199
54.4297 451.2443 -60.4577
49.2948 450.8149 -39.8684
30.5036 450.7484 -32.4838
52.3668 450.8665 -41.8769
35.3120 450.4574 -31.5963
55.9330 451.0657 -63.2729
59.4122 451.0657 -52.1635
59.4583 451.0200 -59.8348
57.5453 451.0133 -46.5412
60.6546 450.8250 -58.1963
53.4349 450.7674 -38.9849
61.5901 450.7450 -55.9537
59.0913 450.8235 -44.1737
60.5178 451.2005 -61.9742
55.1052 450.8413 -33.8435
62.4997 450.8160 -57.3260
59.6508 451.2181 -47.1901
63.9615 450.9317 -56.0831
61.9730 450.9326 -45.6117
60.2965 451.1385 -65.5903
60.7584 451.0999 -66.4973
41.4793 450.6257 -26.5811
33.2487 450.5323 -22.0574
48.1660 450.5896 -28.2140
65.3978 451.0149 -55.6403
36.8255 450.3375 -21.4497
40.5847 450.5720 -23.3840
33.9398 450.4693 -21.1623
60.8190 450.6066 -32.5789
66.3616 450.9519 -56.9198
63.5437 450.8574 -65.9098
49.6727 450.3356 -25.9619
69.2567 450.9999 -53.2556
60.2097 450.6304 -26.3229
71.1432 451.0959 -48.8315
66.5578 450.6817 -39.3654
50.4066 450.4497 -23.5327
26.5118 450.4242 -18.5286
60.7591 450.4660 -22.6203
72.2585 451.1141 -49.7237
63.0205 450.6974 -23.2275
73.5249 450.9994 -51.0031
64.5444 450.8168 -29.6092
53.2930 450.5175 -18.0621
73.8293 451.2523 -56.6326
66.5848 450.8950 -28.9896
45.8938 450.4789 -18.8807
35.5352 450.3682 -14.0118
70.1892 450.9087 -30.1964
74.5095 451.1866 -57.6955
76.9011 451.2833 -53.7124
67.7041 450.8275 -27.4215
56.2340 450.3711 -12.9563
36.7750 450.3079 -13.0364
67.7669 450.8335 -26.3152
74.6321 451.1073 -61.9752
36.5997 450.2747 -11.1023
43.6574 450.2882 -12.4701
66.7846 450.6433 -16.8841
75.8642 451.2992 -60.4289
27.6258 450.3635 -6.9746
52.5584 450.3652 -11.2024
79.5091 451.2422 -51.1085
21.7001 450.1089 -5.6060
63.5173 450.4862 -12.5012
76.5955 451.1432 -64.9456
39.0448 450.2228 -5.9963
75.5424 451.1122 -30.8022
76.0752 451.1513 -65.8813
37.1087 450.4757 -4.1875
47.0233 450.3506 -8.9791
74.3062 451.0948 -27.1695
79.6479 451.1116 -43.8942
41.3057 450.2576 -5.2838
63.7829 450.5203 -10.7074
63.5835 450.5715 -5.9205
82.9460 451.2315 -49.8438
17.1156 450.3314 -7.9994
74.8959 450.6275 -21.5707
79.1169 450.8938 -62.3972
35.5259 450.2968 -2.0332
43.9942 450.3847 -5.3571
67.3530 450.5120 -8.3536
65.2102 450.5161 -2.9151
83.7644 451.1331 -47.0923
38.6218 450.2553 -0.4982
77.6768 450.8266 -24.8829
58.2932 450.5023 -0.5297
83.0768 451.2564 -43.0738
36.8727 450.1641 -1.4291
24.1818 449.9231 -0.4007
75.6559 450.4791 -10.1688
79.6022 450.0363 -67.5032
86.8382 451.3228 -55.0136
80.6885 450.7184 -26.5441
48.4851 450.6041 -2.4462
86.1354 451.2756 -45.3065
87.9760 451.2808 -54.8663
81.2998 451.1375 -33.3049
79.0501 450.7142 -17.4971
82.6486 449.7555 -66.0690
87.7992 451.3763 -57.5658
82.2342 450.9667 -29.8603
52.7365 450.5092 2.6320
79.7488 449.8671 -67.7376
88.7048 451.4005 -56.5670
81.7945 450.9545 -30.8585
76.8495 450.7097 -5.2227
62.8608 450.2762 6.1888
87.9956 451.1332 -42.9747
87.8704 451.3408 -58.6801
83.9269 451.0965 -33.5081
52.3954 450.4318 4.1343
86.0464 449.6394 -63.8693
46.2773 450.1440 9.3188
83.5310 450.8029 -19.0136
84.0824 450.7918 -14.0280
78.5600 447.8648 -70.8877
86.1774 450.8752 -35.8392
40.4505 450.2421 10.7013
82.1568 450.6114 -6.0860
80.4284 446.1127 -72.1139
95.2363 450.9997 -50.0254
28.8652 450.4659 9.9075
78.9329 450.6195 -1.9768
61.9628 450.2190 11.9410
87.4685 446.2876 -67.8322
95.5511 450.9687 -51.8010
30.0219 450.3993 10.4789
78.8735 450.7483 0.0249
74.4501 450.5993 4.1077
88.5969 447.7934 -64.8588
94.1884 450.7474 -54.7276
28.4599 450.7189 11.2011
84.5586 450.7573 -6.9545
86.5374 445.4702 -69.4109
91.7993 451.0638 -40.5745
52.3871 450.2424 12.7538
91.0997 451.0422 -16.9573
75.3860 450.4146 7.3970
87.3412 444.5398 -70.3854
91.2294 450.9396 -33.4715
90.8030 449.7367 -60.5387
87.2874 451.1319 -15.7329
77.1554 450.5273 4.5359
82.9310 444.2428 -72.6189
93.5489 451.1938 -36.9210
50.9395 450.3294 15.0062
78.6192 450.6722 2.7850
75.9899 450.3621 7.8886
91.9114 447.8826 -62.8175
96.2916 451.1279 -40.5481
51.9837 450.2580 15.0443
92.5110 450.8582 -12.4420
52.5794 450.2179 15.3273
86.7690 443.7005 -72.2384
93.7371 451.0073 -32.5589
43.6642 450.7477 16.2560
88.1847 450.8795 0.1779
79.6305 450.5688 7.1389
90.0264 443.8265 -70.2485
99.6758 451.0166 -42.1467
93.1498 450.8466 -11.6996
90.8499 450.8664 -9.0315
70.4526 450.3443 15.2116
87.3456 442.2730 -73.1476
93.4939 450.9008 -29.3572
47.7636 451.1871 17.2824
90.6686 450.9282 -5.7593
79.2699 450.5221 13.7369
90.8906 443.8127 -70.0270
101.1976 451.0728 -41.7058
93.7435 450.8988 -10.4918
90.9687 450.8293 0.0560
62.7030 450.4219 21.9941
72.3110 444.6098 -77.9343
95.2794 445.4785 -63.9025
102.4247 451.0254 -40.8838
100.7826 451.0434 -17.2328
64.3630 450.4546 22.4255
74.1026 444.0002 -78.4541
102.7588 451.0246 -34.4517
47.7439 451.7482 18.3258
82.4777 450.6670 10.4190
55.0061 450.5299 20.9844
71.1213 445.0230 -77.7526
104.2230 450.2052 -49.7905
97.8615 450.9190 -9.4221
94.8535 450.9313 -5.5153
76.1884 450.2728 20.6492
94.5654 443.6493 -67.6638
105.2965 450.6110 -46.1383
100.7283 450.9090 -13.7519
84.5680 450.8215 9.6400
80.5235 450.5590 19.4295
74.3489 443.9241 -79.7749
105.7638 449.6680 -49.8070
100.7905 451.0045 -8.2524
91.3852 450.7070 6.4364
59.9135 450.6764 26.5311
70.1396 444.0951 -80.0302
108.7045 451.1954 -36.1324
48.4009 452.5028 19.6420
103.6979 450.9533 -19.3433
54.7420 452.2639 23.6174
73.1072 444.2629 -80.1633
106.9356 451.2128 -31.5729
110.5841 450.5928 -42.7034
103.7727 450.9617 -22.7069
97.8627 450.8020 -4.6532
62.1688 450.4281 29.0041
86.3454 450.5432 13.5998
101.9899 440.8815 -64.0946
110.6476 451.1377 -36.0580
101.7348 450.8399 -5.9102
99.0415 450.8385 0.1885
84.3339 450.4866 22.1599
99.2729 443.7090 -63.2354
111.2908 450.2707 -43.3159
105.5395 450.9793 -15.1942
100.4759 450.9588 -2.2106
55.9576 452.8087 25.9012
88.4955 450.3528 18.4776
65.9391 445.1385 -79.8292
108.5763 449.0678 -48.7050
107.6647 450.7632 -14.1507
53.4404 455.2463 23.3168
73.9877 450.2916 31.9463
112.0220 450.9655 -34.0184
113.3007 450.4070 -40.8909
103.2687 450.6665 -1.7892
54.8341 456.0966 24.5912
89.6408 450.5991 20.6091
101.3207 443.5325 -62.8918
114.1019 451.0235 -35.2432
109.8878 450.8541 -22.3382
52.9587 456.6733 23.2884
81.3584 450.4038 27.5386
61.7404 445.9716 -80.8949
115.2639 450.3309 -39.3998
109.2470 450.8580 -23.7892
56.8415 456.2877 26.3656
91.2991 450.5040 22.0250
65.6544 444.5998 -81.1381
114.6470 451.1050 -33.1635
112.7942 450.9716 -17.1674
106.6652 450.7597 5.1005
59.5790 452.9171 30.3429
69.1229 450.3123 35.5010
116.9170 449.8245 -38.9947
99.6053 450.7124 14.5420
60.0456 451.6340 31.4124
91.6221 450.4656 25.5889
63.8892 444.3333 -83.1871
109.1492 450.9450 -3.1189
106.5075 450.8278 10.7525
60.3934 454.6778 31.3420
63.5310 450.6677 33.8305
114.2869 451.1378 -25.4898
112.2248 451.2179 -22.0854
60.7609 451.8489 32.3630
72.5198 450.3208 37.6768
64.0070 451.6267 36.3477
119.9922 449.7681 -35.6630
113.1960 451.3191 -22.1615
57.7626 458.9127 27.4715
87.3118 450.5466 29.8329
62.1953 445.2618 -83.2247
117.8260 451.2332 -12.2083
105.9336 450.5584 13.6536
62.9335 451.6361 34.7340
88.7069 450.5313 30.5656
63.3563 450.9406 34.6570
119.8802 450.9618 -32.2620
115.0967 451.1596 -20.9881
60.0451 458.0697 30.4342
67.9511 450.3488 40.2859
62.1077 445.4017 -83.6245
118.4436 451.1124 -8.7433
114.6849 450.9162 1.3238
58.7665 459.3567 28.8734
85.9303 450.5795 32.6681
75.3395 450.3602 44.0975
120.5527 450.8232 -24.1443
118.1359 451.0090 -18.2163
107.1196 450.5142 14.5791
81.2494 450.6113 36.8895
68.3526 450.3743 42.8427
58.5972 444.7581 -84.9318
118.4018 450.8846 -21.0486
56.4500 460.9888 27.7659
98.7656 450.3869 26.5817
73.5397 450.2764 44.6377
123.3897 449.7327 -31.9901
104.8525 450.4687 20.3020
55.3863 461.8359 28.0621
86.3272 450.0953 38.5582
76.9896 450.3655 47.3304
64.8870 451.7723 40.6616
120.9579 450.8682 -2.0686
118.4110 451.0304 4.8426
89.5398 450.2997 34.9819
82.9279 450.2380 47.0947
123.4726 450.8194 -27.6182
123.0507 451.0130 -18.2664
57.7511 461.3649 29.5673
97.4082 450.3225 31.1749
84.4008 450.2302 46.4346
122.5544 450.5680 -23.3488
118.3197 450.7348 10.4950
88.7216 450.1703 39.6078
66.8000 450.9236 45.6953
65.0214 452.2956 43.6091
124.9622 450.9599 -6.1270
55.3584 463.1636 31.1870
96.1559 450.2822 41.4360
81.4725 450.3469 49.1184
123.2315 450.7018 -23.9502
129.3215 450.8470 -8.6455
120.6206 450.8253 5.6661
102.2039 450.4154 32.7974
66.5141 451.4009 48.8299
64.7958 454.1489 46.0058
128.4795 450.9714 -10.7034
119.7407 450.5488 14.5906
104.2470 450.5481 29.3062
82.8064 450.1252 52.2328
125.7364 450.3365 -27.8164
128.7624 451.0050 -17.8756
120.4854 450.5789 11.1221
99.4134 450.3600 41.1313
87.4057 450.1446 50.3131
126.4346 451.0258 1.8594
118.5959 450.6249 18.0104
97.6911 450.3485 43.7875
86.0754 450.0033 52.2115
127.6494 450.8978 -22.6492
129.5702 451.0707 -16.5130
116.6579 450.5052 23.0527
66.0525 451.4209 51.3050
83.4856 450.1425 62.7969
131.9467 451.0257 -13.6364
110.4911 450.3189 28.9318
94.3949 450.1979 47.8943
90.0088 450.1649 51.6205
129.5426 450.9032 -20.0722
130.4209 450.8344 -19.2105
125.8794 450.9959 5.8621
66.1002 451.3831 52.9725
79.9517 450.1501 65.2142
133.5576 450.9879 -14.0160
123.9465 450.7598 19.6809
108.3266 450.4073 37.0590
67.1617 450.6622 55.9953
64.4147 455.2571 51.2820
133.9974 451.1806 -2.8938
123.7726 450.8546 12.2449
107.1304 450.2407 46.8854
91.2538 450.1483 56.9635
89.2075 450.2212 63.3069
136.4500 450.9899 -1.7120
125.8560 450.8446 13.7559
106.4639 450.1581 48.6621
92.2000 450.3047 53.9937
135.4603 450.8699 -10.8995
118.0482 450.4462 30.2580
122.8023 450.6524 23.6215
67.3484 450.5739 59.4486
89.3291 450.0487 67.5857
138.7061 450.7659 -6.1734
126.8989 450.8260 14.4311
111.0123 450.2170 45.9832
66.6687 450.7889 61.1748
138.8488 450.8157 -4.2456
127.6834 450.9296 21.5343
97.0760 450.2396 52.4835
65.0582 451.6132 58.2512
135.4447 450.8647 4.3499
129.8047 450.6981 14.6547
114.4444 450.2816 40.3778
97.1381 450.2313 60.1579
131.9574 450.7675 11.5183
127.4385 450.9565 22.0086
114.9221 450.3067 41.7481
98.2146 450.2689 56.5022
136.4544 450.9527 4.6290
125.1193 450.5343 28.9707
105.3096 450.3011 54.1000
97.2424 450.2268 67.1558
133.1797 450.9735 14.4242
108.0104 450.2020 53.7112
89.1605 450.1041 73.9595
118.1487 450.3817 42.1346
116.4939 450.1991 45.4399
88.4018 450.3406 77.7027
120.7444 450.3947 42.0363
111.7956 450.3088 58.3018
91.3373 450.3553 77.5519
134.9542 450.7779 18.8216
114.0475 450.2721 59.8748
99.8956 450.0699 69.5882
135.7453 450.7057 24.4092
119.0045 450.3623 54.6882
99.1555 450.2707 76.1962
130.8054 450.4748 28.9865
120.7325 450.4874 53.7734
102.1532 450.1792 70.0221
135.7876 450.7538 23.6474
120.7334 450.2190 48.7591
127.8384 450.4978 36.4083
131.7615 450.6944 32.1867
122.5630 450.3568 57.0463
126.0508 450.4323 42.3616
118.2677 450.3170 61.1034
124.8464 450.3499 46.2552
123.9031 450.2469 55.1284
141.1873 450.8223 23.8095
125.2981 450.3574 51.9186
121.1578 450.5002 62.3112
128.7455 450.3028 47.6498
127.3641 450.4171 50.2308
136.4953 450.3956 36.9010
151.6322 445.2451 4.8180
153.7689 443.3912 3.8549
151.1828 443.9328 1.1280
153.5069 443.8576 1.3046
150.9850 443.9398 -1.7095
-86.1166 449.3293 171.1686
-86.6954 449.2640 177.6470
-81.6960 449.3244 174.4137
-90.6070 449.3485 178.4504
-91.2455 449.3784 179.1824
-90.1454 449.3148 168.1116
-83.5778 449.4624 182.6243
-96.9881 448.8013 177.7520
-84.1357 449.4435 165.2007
-85.2300 449.4799 185.1793
-86.5914 449.8820 165.6904
-90.5606 448.9753 183.0605
-78.5092 449.6593 184.2136
-100.9340 448.7870 176.3285
-75.5773 449.7298 168.2596
-90.4918 449.4376 162.1810
-87.5619 448.7731 187.0517
-79.7006 449.5780 187.8417
-101.2206 448.4930 179.1702
-70.4667 449.6517 176.1567
-84.9115 449.5858 160.6166
-100.9517 448.3671 180.4242
-80.8399 449.4616 162.2324
-82.6796 449.2095 161.8271
-102.3191 448.9497 173.7280
-86.3678 448.3500 189.4715
-83.8915 449.4908 160.4296
-101.6617 448.1391 180.9530
-79.4662 449.6529 160.5696
-84.1053 449.5882 159.3501
-107.3967 449.0123 166.9584
-97.2250 445.8906 187.0219
-71.0407 450.0290 165.3882
-98.2901 449.4034 156.4592
-100.7740 446.0631 185.3327
-66.8097 449.4385 182.6477
-79.8178 448.9057 194.7645
-107.4222 448.5765 169.6623
-88.9332 446.8434 191.4968
-71.6961 449.8150 160.8644
-79.5661 448.8323 195.3405
-107.2777 445.6817 179.4186
-87.5897 446.4751 195.0029
-74.0832 449.4420 189.0974
-94.5427 449.3539 154.3168
-107.0704 449.2288 159.1073
-93.0084 445.2435 193.3644
-70.3290 449.7969 158.7521
-80.7316 448.3521 196.1444
-108.4652 449.0436 158.7505
-104.2689 445.2419 186.7745
-62.1031 449.8017 174.9980
-72.4458 449.1470 191.5894
-102.9684 449.2375 152.6854
-108.6479 445.9302 180.7131
-90.7256 445.7339 194.8138
-64.2205 449.6911 171.7262
-68.6981 449.4525 192.3932
-104.5030 449.2549 152.9173
-108.6028 446.6187 181.2222
-92.5740 445.3000 194.9674
-61.1068 449.5867 186.1142
-80.1587 447.5061 198.3622
-112.4765 447.0645 168.3233
-101.8211 444.3465 189.9720
-87.8215 445.9035 197.0629
-63.3077 449.8588 163.3375
-102.6285 449.4035 148.0205
-113.3161 448.8724 161.5429
-95.0383 444.7632 196.4290
-56.2585 449.9939 181.8582
-78.3544 446.9214 200.5858
-114.4999 444.1276 174.4678
-100.8033 444.3720 191.0382
-57.7936 449.9184 172.7068
-64.8986 449.5423 195.9843
-114.7349 444.7518 175.2088
-115.4312 448.5535 160.4730
-89.7204 445.3074 198.6206
-54.7531 450.0588 182.3600
-78.4103 446.1665 202.0896
-115.0805 443.2351 173.2275
-108.8404 445.2632 183.2638
-55.4559 449.8553 175.2410
-63.6404 449.5898 198.2190
-99.1741 449.4191 146.0044
-116.2449 448.1175 161.9783
-86.6485 444.9217 200.5450
-51.8723 449.7753 178.1753
-77.6670 445.9501 203.0234
-114.7489 448.6923 151.5820
-110.9637 445.2118 181.5745
-52.9247 449.9240 180.1767
-76.7762 446.0378 203.6939
-110.0619 449.4345 144.3641
-118.1212 447.6273 161.3294
-60.1201 449.5281 196.6582
-98.8080 449.7423 142.5265
-118.2240 446.8819 164.5785
-86.6901 445.1598 202.1607
-58.3648 449.3810 195.4544
-71.5584 446.6982 205.3059
-115.4341 448.9633 146.8769
-119.9777 447.4367 159.7442
-74.7456 446.1347 205.8210
-116.9037 449.0686 145.7986
-82.9004 445.1982 203.4082
-78.5782 445.1452 206.8931
-109.8036 449.0779 138.6356
-51.6409 449.6615 190.0328
-67.1269 447.6830 205.6091
-120.3582 449.2919 146.4089
-84.4402 445.5828 203.7425
-76.1905 445.7548 206.8880
-114.2449 449.0778 139.1187
-122.7610 445.8540 160.4169
-65.6401 447.1685 207.4002
-113.4427 449.1733 137.2944
-122.4813 448.8871 151.6461
-58.4320 449.3691 203.9787
-106.6726 449.3053 130.9452
-122.6586 449.2280 149.7363
-50.6077 449.6989 195.6932
-104.7275 449.5178 130.5067
-124.9203 444.7974 159.4431
-55.9638 449.2977 205.8326
-69.2512 442.5818 209.6664
-126.3205 444.3860 163.7574
-49.1027 449.7784 195.5868
-69.5277 442.1233 210.1488
-125.1352 449.2695 139.7234
-62.6132 446.0580 209.7726
-101.4097 449.5411 125.6610
-124.4434 448.9113 150.1674
-57.4681 448.2124 208.9809
-107.6052 449.5824 127.2612
-127.3848 448.7778 145.7189
-126.5774 448.3099 150.2027
-101.0145 449.5744 123.3552
-128.2349 443.4772 160.6035
-69.2369 441.0856 212.4357
-120.2311 448.9259 135.2620
-129.2350 443.3534 160.1010
-65.0904 439.5418 212.8327
-129.1337 448.2650 143.3643
-59.7362 444.9291 212.0754
-120.1266 449.0610 129.7369
-130.6775 445.5989 150.2721
-119.8198 449.1259 127.4308
-130.2247 447.9230 140.9592
-66.6167 438.7037 214.0757
-123.2157 448.8489 131.9321
-134.2836 443.1748 150.9244
-109.5824 449.1371 119.6133
-130.3241 448.4076 138.2487
-111.8130 449.3179 120.2605
-127.1135 449.0855 130.9838
-66.7428 440.4992 216.6645
-127.6203 449.0907 128.7403
-66.4706 440.1693 216.9223
-131.8898 447.8543 135.9549
-62.8174 438.7126 217.0000
-125.6713 448.9337 127.4757
-135.7208 444.3865 141.7207
-56.4738 437.7940 217.5358
-136.5692 444.4315 138.6748
-128.3373 449.0522 121.8384
-130.3986 449.1698 125.7762
-58.8562 436.6366 217.8839
-132.0959 449.1279 127.3920
-114.0336 449.2626 111.8939
-138.6286 443.8904 137.6337
-58.2046 436.4242 218.8630
-139.1739 443.2166 139.0280
-55.5986 436.5256 219.3769
-134.5703 448.8126 128.7316
-138.3346 443.5076 146.9009
-123.0528 449.3320 113.3019
-139.8090 443.3190 143.3440
-117.3965 449.4593 107.3790
-118.5921 449.4246 108.3723
-142.1257 444.9471 132.2342
-134.2594 449.0504 114.9977
-141.3996 442.7232 140.0746
-137.1656 448.5673 120.4232
-136.9535 448.7638 127.0175
-52.7887 436.4686 221.6733
-137.9368 448.8760 115.6738
-137.0405 448.9990 126.0063
-117.0075 449.4121 101.8020
-139.8349 447.8929 125.7737
-53.1789 436.6230 222.0175
-134.4655 448.8920 110.7761
-138.9184 448.5305 124.5086
-48.7552 436.1713 221.6725
-139.4112 448.8622 114.5104
-49.5920 435.3720 222.4128
-135.5974 448.5849 112.1337
-146.2588 443.3783 131.4970
-140.9306 448.1456 118.2038
-127.1406 449.3938 100.5374
-47.3030 435.6417 222.5812
-137.2298 448.8916 110.3612
-146.9841 443.3588 128.9216
-141.5696 448.2973 117.2158
-130.0941 449.4223 97.2720
-110.8236 449.5988 92.4632
-137.5403 449.3704 106.6312
-146.0719 444.3727 122.7405
-124.1222 449.5642 93.4128
-129.4145 449.3673 92.4085
-114.6882 449.7261 86.6952
-137.2369 449.4259 103.9793
-147.5657 443.1386 126.1798
-135.9818 449.1646 100.4741
-147.6649 443.2191 125.7853
-130.0566 449.4227 88.8573
-143.2201 448.1315 111.0620
-148.0317 445.8787 114.9929
-105.8510 449.8605 88.0028
-140.9374 448.8088 94.2431
-148.2695 444.0666 122.7743
-141.2929 448.9861 101.4569
-150.0411 444.9059 116.5893
-144.8190 447.7632 108.0436
-129.7769 449.3212 83.0920
-146.7536 447.8216 109.3969
-131.5928 449.1735 82.4040
-144.4317 448.6080 98.1149
-117.8368 449.5700 80.0850
-145.0101 448.3394 99.0900
-119.2073 449.5756 78.9298
-147.7392 448.9389 110.0902
-139.5242 449.2678 83.8499
-147.8478 448.8269 109.9098
-148.9634 446.3632 106.9929
-126.1504 449.3269 77.9974
-146.8611 448.5701 94.6746
-121.4771 449.7854 76.5891
-147.7642 448.1353 95.4285
-142.6529 449.3375 81.6970
-145.1324 448.6156 88.5183
-145.0456 449.0073 81.8936
-152.0531 444.1896 104.8573
-141.0787 449.1237 78.4831
-132.0254 448.4809 76.0357
-147.0996 448.8261 80.2593
-130.8106 448.4372 76.1167
-148.7872 448.2585 80.6041
-152.1481 446.2871 91.1990
-150.0596 447.2429 83.2653
-152.4473 446.7751 96.3664
-151.4914 446.1801 86.5091
-153.0215 446.0121 89.9923
-148.7171 448.9136 78.0837
-154.2458 446.3308 96.4595
-153.0886 445.9233 84.1131
-153.1796 445.7717 93.9035
-138.8167 449.6865 71.1682
-116.6786 449.4488 65.9050
-144.3684 449.2493 71.6558
-134.2822 449.4108 69.7544
-153.8192 445.8247 86.9578
-154.1697 446.1474 79.7927
-120.4957 449.8098 60.9858
-150.3232 448.3238 73.8292
-124.3871 449.4199 61.3444
-139.2380 449.7122 67.6990
-129.0926 449.8525 65.7425
-156.0891 444.0652 87.0309
-154.0827 446.6172 77.1532
-128.8537 449.9135 61.5991
-147.8851 449.1898 69.2390
-132.4833 449.8587 63.1002
-142.8716 449.3006 64.1569
-130.8031 449.9125 63.3689
-113.1750 449.4033 58.3383
-154.3635 446.7874 74.9823
-129.1216 449.8143 60.6966
-149.1155 448.5967 64.9032
-135.6440 449.9671 61.1102
-120.8640 449.4693 55.3473
-156.2670 447.0341 77.0530
-142.2419 449.3881 60.7859
-126.3341 449.0181 56.7465
-143.7736 449.4331 60.0867
-134.9303 449.8449 59.2389
-118.0993 449.4349 52.8834
-128.4674 449.0698 57.1489
-142.9189 449.6428 58.9695
-155.2586 447.1595 69.7515
-138.8690 449.6195 56.7624
-129.3041 449.3088 56.5998
-137.0647 449.5442 55.6545
-125.2119 449.7105 50.1886
-142.2104 449.6706 56.1341
-130.7387 449.4092 49.6558
-154.2364 446.1608 62.1906
-106.9797 449.7637 48.6286
-128.6190 449.4574 48.8095
-152.6652 446.5843 57.8819
-105.0940 449.7972 48.7197
-123.0345 449.5982 45.3152
-118.6458 449.7467 44.2589
-153.1795 446.0805 54.9923
-105.2952 449.7958 52.4437
-155.7608 446.0469 60.9444
-102.6742 449.7916 48.6582
-124.5734 449.6690 41.5554
-101.1418 449.8076 48.7717
-134.0016 449.6118 42.2150
-98.8989 449.6859 48.3497
-137.8993 449.9733 42.4133
-122.0810 449.5078 39.2303
-118.2564 449.4577 39.4014
-143.1365 449.2853 44.6388
-126.7133 449.9409 37.4745
-122.4516 449.3866 37.5803
-100.0297 449.6167 41.6858
-97.3324 450.1064 53.1174
-139.3588 449.8826 39.2838
-100.4601 450.0074 37.6825
-93.7489 450.0742 40.9841
-96.2445 450.2705 53.6080
-113.1161 449.9538 34.6099
-93.4391 449.9437 48.0970
-102.2624 450.2155 30.7865
-124.4695 449.2954 34.8402
-92.8825 449.8898 37.7088
-146.3491 448.5439 39.6784
-114.6572 449.7545 30.4858
-118.3254 449.7544 28.9604
-88.9947 449.8647 40.5607
-89.6316 449.9868 49.0036
-89.5567 449.9218 35.4374
-124.6200 449.6790 25.0853
-90.4811 449.9128 32.8290
-87.4455 449.9670 47.6151
-87.5725 449.9311 35.6977
-90.5225 449.9596 29.9672
-141.2003 449.3375 26.8076
-101.6340 449.8815 23.0044
-129.8763 449.4921 26.7116
-86.2696 450.0184 32.1476
-83.2650 450.0354 49.9223
-143.8447 448.6237 26.0420
-117.8824 449.5361 23.4195
-128.6703 449.7224 21.8927
-99.2184 449.9109 18.4118
-126.6691 449.7138 20.7580
-80.1706 450.0176 42.9430
-101.0427 449.9217 18.1984
-119.5586 449.7010 19.9211
-80.4792 450.0975 32.0725
-102.6996 449.7812 15.7228
-120.3634 449.7257 17.3077
-74.2585 450.2535 39.8942
-107.2509 449.8842 12.3162
-146.0115 447.2979 24.3601
-75.2849 450.1237 41.8996
-118.7842 449.8497 12.1759
-147.7827 445.8457 24.1860
-77.8976 449.8568 27.2888
-89.2506 449.8192 20.4823
-78.7182 449.9488 28.8413
-77.6757 449.8161 27.9265
-104.9511 449.9683 7.1107
-147.3739 445.8031 21.7040
-73.7427 450.1775 43.9535
-119.5737 449.8658 8.1428
-129.9386 449.9693 13.2739
-70.8736 449.9735 32.3632
-104.9112 449.9626 6.2347
-133.2686 450.0374 12.9984
-68.0296 449.8366 35.0955
-120.0914 449.8658 5.8033
-80.8641 449.9688 14.9044
-74.6037 449.8018 21.6918
-106.7518 450.1101 3.1546
-146.0346 445.6244 16.8168
-98.1918 450.0985 8.0264
-144.2469 446.5983 15.0129
-91.7924 449.9670 7.7636
-72.3646 450.1169 14.9446
-81.1455 450.0826 10.5092
-100.9149 450.1297 1.2403
-64.9962 450.1845 29.7237
-71.2494 450.1576 17.4358
-64.2400 450.0780 27.3171
-68.6166 450.1872 14.8927
-62.4881 449.9903 29.1151
-77.7319 449.9794 8.0120
-68.5650 450.0178 19.0459
-92.7005 450.0241 -0.4489
-56.6539 450.0229 35.5083
-62.1669 449.9468 24.0345
-91.8701 449.9603 0.7785
-54.8354 450.2168 41.9065
-94.0894 450.0174 -2.1475
-57.4034 450.0219 33.5386
-79.5264 450.2092 0.1922
-77.0340 449.9279 2.5998
-60.5018 449.8902 22.1158
-90.0779 450.0652 -1.7976
-50.8047 450.0459 41.8548
-79.6673 449.9484 -4.0342
-73.7509 450.0162 1.7221
-52.9149 450.1316 26.1231
-63.1288 450.0987 4.2515
-60.1970 449.9114 19.2794
-91.6182 449.8937 -6.3995
-59.8402 450.1336 17.3442
-79.6784 450.0436 -7.0648
-46.3911 449.8519 36.1475
-75.9773 450.0919 -8.4220
-66.4717 450.0372 0.0264
-48.8332 450.1007 25.4709
-96.5113 450.0482 -13.8308
-52.9182 450.0026 12.7491
-81.4067 450.2084 -11.0421
-63.5924 449.9901 -1.6986
-52.3250 449.9179 10.8958
-79.7450 450.3254 -12.2412
-64.2027 450.0958 -2.6850
-93.5911 450.1480 -17.2231
-46.6702 450.2810 23.4752
-90.1188 450.1640 -17.7957
-49.6692 449.9983 9.6933
-99.9616 450.0473 -15.5471
-60.6325 450.3441 -5.6044
-45.5522 450.2561 21.5149
-90.7926 450.1316 -19.2812
-48.3357 450.2942 5.9712
-89.7808 450.2233 -20.4192
-45.8099 450.0126 7.3056
-100.3941 450.0895 -17.9101
-48.3545 450.2046 4.1564
-70.2980 450.3338 -18.7475
-43.8918 450.0459 5.7034
-87.2815 450.2201 -23.0402
-32.8912 450.0863 28.0956
-61.0462 450.3167 -14.9923
-45.6824 450.0821 1.4252
120.2030 436.8800 183.0785
118.1347 443.2634 180.4663
120.3896 435.5296 185.0794
115.8433 446.2892 179.7131
115.2348 435.4497 187.4984
113.0469 435.3607 189.1164
115.3167 434.5648 188.3583
117.2578 447.3704 176.2265
116.8739 434.7444 187.7963
108.4665 444.0533 188.5601
109.4197 446.0771 185.7550
110.0502 447.0649 183.8200
103.4729 442.4185 193.3759
112.9800 434.4309 191.7226
106.1788 446.2782 188.5985
107.0683 447.9526 184.6236
104.6394 434.7608 197.6439
104.8164 446.9489 189.0235
105.7127 447.4243 187.4429
102.8071 434.1969 200.1097
100.3216 445.6749 193.5331
105.0558 448.1099 186.6613
101.3407 434.0112 201.4808
102.6684 448.0984 189.2255
103.4565 449.4404 181.8820
109.4607 449.0750 177.4398
107.2208 449.5667 174.7232
101.6143 449.8201 178.3148
93.4742 448.1092 194.9750
96.6267 448.2709 192.0944
103.5564 449.6784 171.3257
87.8034 445.7418 202.1364
92.4776 448.7997 193.6408
112.6011 449.7346 170.4321
97.0502 450.0658 171.8676
91.7396 449.2470 191.9970
101.4232 449.9135 168.0234
93.8490 450.0799 174.7794
92.1839 449.4942 189.8617
99.4143 450.1785 168.0661
97.9504 450.4792 169.0221
101.1627 449.9782 162.1401
106.3782 449.7640 163.8967
90.7518 449.7940 170.0222
83.0750 449.4329 196.3018
107.3646 449.6819 163.0568
109.9623 449.5987 161.0169
95.6907 450.1080 164.7726
107.7628 449.7170 161.6547
93.4153 450.1256 163.3175
104.4434 450.2124 158.0043
89.5072 449.9744 166.3354
96.2299 449.9949 155.3667
94.0214 450.0802 161.0822
107.3208 450.2434 156.3731
90.3234 449.9294 162.2986
93.7005 449.7939 157.3595
76.2630 449.7313 187.5930
80.0959 449.6647 177.9672
108.8179 450.2934 154.9670
78.7925 449.6052 181.0876
96.5338 450.1109 152.6732
90.7413 449.7316 159.4460
80.2429 449.8618 164.6583
110.2114 450.1845 153.1371
89.3560 449.7244 158.0022
94.3458 450.1009 150.2511
88.0204 449.7045 157.6469
116.0127 450.1293 154.7787
72.2315 449.6344 185.3105
73.1849 449.8914 181.4124
101.7255 450.0464 144.1591
71.2615 449.4255 202.4138
98.8005 450.0890 143.6851
82.4204 449.5964 156.7708
118.6797 449.9581 147.6690
116.3055 449.9116 147.0596
85.0717 449.8217 152.0188
90.0152 450.1548 145.9529
68.8794 449.6339 195.4798
73.6030 449.7496 161.5777
115.3924 450.1932 141.8151
68.6552 449.4979 203.3394
119.2492 449.9972 144.3080
111.9031 450.2567 141.0935
68.2257 449.5820 199.8959
76.1875 449.9387 154.8077
103.5752 450.2102 137.3523
66.8829 449.7412 201.9592
69.3240 449.8107 164.4246
98.6526 450.2333 136.7152
67.6061 449.8697 174.9472
91.1912 450.0165 140.5060
120.7418 450.0814 139.3702
65.2266 449.8311 201.3068
128.2844 450.0621 142.8984
115.8147 450.2841 137.3193
64.6543 449.7564 169.4835
95.5268 450.4810 137.1876
59.5370 449.6124 181.4679
63.3292 449.5386 203.2621
65.3714 449.8694 163.2265
103.3034 450.2429 133.4424
63.5084 449.9568 199.9465
64.0004 449.8747 161.4611
97.0686 450.3797 132.4927
59.6260 449.9106 175.4323
79.3452 449.9513 144.4495
131.9579 450.2620 138.9635
96.8719 450.3031 131.0209
58.3562 449.7325 174.5538
64.2284 449.8945 154.3222
80.1134 449.9032 135.1724
107.2042 450.2256 130.0273
57.2819 449.7694 194.6247
58.2794 449.6668 157.6248
84.5158 449.9653 131.2496
124.0879 450.2732 129.3333
59.8611 449.7184 201.0239
58.6137 449.7926 167.6264
79.5240 450.0223 132.0432
52.8768 449.9036 183.7988
61.2444 448.9590 209.1469
134.8477 450.1812 137.0464
105.9675 450.1573 122.3584
53.4425 449.8340 185.8191
59.6111 448.9148 209.4425
56.7745 450.0920 152.6454
101.5033 450.1216 122.2839
51.8948 449.4948 180.9925
52.0274 449.6342 190.3241
58.4510 450.0368 151.9628
94.1497 450.2363 122.1537
52.1147 449.6494 187.3730
64.7036 449.8531 146.5666
135.4517 450.0552 130.8697
97.5129 450.1072 120.9742
121.8389 450.4529 126.0398
52.0825 450.0223 196.4557
51.4793 449.6602 150.8129
108.7915 450.2333 120.1859
48.8054 449.6184 180.1205
50.1764 450.0115 195.2291
57.2274 449.7433 147.2262
91.2936 450.2291 119.2366
109.6402 450.2277 120.6222
45.7764 449.6985 172.8208
55.3766 449.3078 210.1892
140.6098 449.9593 135.7039
98.3986 450.1318 114.8691
48.2367 449.8371 177.6255
46.1136 450.0964 193.1180
58.2385 449.8881 143.3519
79.9226 450.2076 122.8781
114.8693 450.2125 121.5466
47.6446 449.7983 179.6492
52.3808 449.6247 208.3053
47.4988 449.8393 159.5165
76.3625 450.1427 122.0909
105.5598 450.4619 116.2718
42.0885 449.7329 181.6561
49.2872 449.8342 198.3555
46.5707 449.8982 154.6040
88.6340 450.3430 115.2109
102.4211 450.2835 112.9142
41.8555 449.7610 183.6993
50.1212 449.6622 210.2870
48.0860 449.8053 148.8701
87.6256 450.4032 113.4457
110.4003 450.2429 114.6626
42.0815 449.6390 168.3865
44.2173 449.7779 198.5289
57.1824 449.8159 140.7930
142.3950 450.2869 125.0624
99.0084 450.1100 110.9554
38.3865 449.8208 181.0729
41.5094 449.8184 197.5931
43.4624 449.7530 160.4330
141.0204 450.1684 122.4053
76.0337 450.2642 117.4485
104.5039 450.5914 111.4641
39.7451 449.8966 176.1911
49.9974 448.7865 213.9689
140.0393 450.0087 119.5325
74.0450 450.2237 118.1538
122.5725 450.2406 112.0909
38.3817 449.8753 174.8759
46.6710 449.0504 213.4396
49.7041 449.7778 143.1170
70.9333 450.1631 119.0183
105.3803 450.4929 109.2401
37.4100 449.8689 177.1884
38.7930 449.7923 201.4259
40.2277 449.9516 152.3612
87.9376 450.3600 107.1975
99.6413 450.1908 107.3887
121.2866 450.1836 109.7995
39.4144 449.7906 204.4421
40.0409 449.9223 150.0499
146.9652 448.1255 135.7967
72.6595 450.1649 111.9323
132.2710 450.1573 110.7196
35.4248 449.9371 176.9963
34.7398 450.0083 196.0098
37.2415 449.8211 152.2678
89.2018 450.1518 105.2619
55.5003 450.1355 128.2955
134.0091 450.2011 111.1850
31.7740 449.6465 185.9459
37.7016 449.8524 205.6367
40.1982 449.8626 143.6059
147.4855 449.9198 124.2880
70.5399 450.2928 111.1810
120.2086 450.0023 102.1979
32.6105 449.8249 173.9075
43.5937 450.0700 136.2213
146.1115 450.0544 112.3639
67.5302 450.1916 113.9261
135.3736 449.9489 103.9907
31.0801 449.6140 188.3039
33.8314 449.8772 203.9464
35.3054 449.7889 157.9197
144.8791 450.1213 111.7681
149.8271 447.0582 134.6055
76.5948 450.2614 103.7183
117.5209 450.3059 100.3067
30.5633 449.8660 175.2108
39.5189 449.4223 214.4770
144.9013 450.0648 109.6893
150.4439 447.1094 133.4555
74.1697 450.2252 104.3367
27.7672 449.4792 184.9790
32.1225 449.9757 204.5566
48.2843 450.2188 129.4191
140.2431 450.0796 104.8329
67.4610 450.3857 112.0573
106.9485 450.2800 101.5842
25.8845 449.6219 179.9627
28.4406 449.9133 202.1430
34.5785 449.9863 156.6248
145.8002 450.0785 107.3050
84.3850 450.1439 101.0891
70.3680 450.2060 104.1623
105.1780 450.1693 99.8715
26.8307 450.0258 192.1700
27.5336 449.7971 167.2266
26.1629 450.0233 196.1834
30.6847 449.7139 145.0973
87.8203 450.3749 96.0884
47.6130 450.0012 124.7854
26.8449 449.6962 187.6824
32.8493 449.7885 213.5660
36.0828 449.7774 136.8265
146.2603 450.1926 104.2819
89.0416 450.5888 94.3397
63.9945 450.3127 102.1944
103.8246 450.2323 97.7084
108.6662 450.0943 95.8346
22.0853 449.6969 172.2567
36.1643 449.8672 131.2887
143.5509 450.0048 99.5864
63.9610 450.3852 105.9928
104.1992 450.1871 96.0903
23.5034 449.9082 187.5432
27.6600 449.7975 211.8263
36.1420 449.8971 128.7425
82.8206 450.3762 95.4794
69.6559 450.2483 95.1832
106.0495 450.0686 95.2480
22.6589 449.9184 188.4835
23.9365 449.9405 205.4126
26.7304 449.8165 153.0208
89.8829 450.2666 90.0259
48.5085 450.0474 117.9361
114.8935 450.3871 92.5945
26.5614 449.8546 163.4124
23.4809 449.8749 196.2286
149.1358 450.1766 98.0310
62.4647 450.4128 105.3958
40.8348 449.8800 120.6234
124.8352 450.3932 92.0789
19.6700 449.8515 166.3969
20.5818 450.0966 203.1251
28.0506 449.8680 132.5330
146.5361 450.2549 96.8564
101.2893 450.1803 88.0871
64.6034 450.3191 94.8943
127.7939 450.3613 91.2448
18.1998 450.0524 182.8500
27.8151 449.2553 217.8203
27.6799 449.8461 131.2783
105.0816 450.3098 89.3779
56.3209 450.3580 98.0181
129.3915 450.5211 89.3541
17.1593 449.8439 185.0924
26.4344 449.1274 218.3338
35.8657 450.0322 122.4588
147.6043 450.5223 95.5000
93.4393 450.2279 84.2608
56.2553 450.3120 92.8604
129.0335 450.5339 88.6596
17.2401 449.7912 179.1793
21.9965 449.5305 217.0646
34.6336 449.9848 124.5923
150.9649 450.2772 95.6503
87.8215 450.3654 85.3722
37.1597 450.0391 117.1342
115.7506 450.2555 86.9648
17.3342 450.0369 165.3054
19.1551 449.9303 200.3657
35.0000 450.0521 121.0571
102.4695 450.2864 80.2020
34.6826 450.0840 119.0252
115.4561 450.2866 85.5497
15.7048 449.9477 162.5575
16.4732 449.8688 204.8239
23.6051 449.9502 132.5781
16.3575 449.8767 151.1551
84.9029 450.1816 83.3835
141.3062 450.0201 86.5375
113.2324 450.0583 85.4809
16.4570 450.0343 165.6347
14.7080 450.1785 210.6574
26.7324 449.9375 125.5664
15.2283 449.5339 142.0527
66.1443 450.3710 87.5873
139.1659 450.3258 82.3270
13.2379 449.7277 183.0493
14.0060 450.1513 209.2486
21.5415 449.9142 128.7653
81.3198 450.2495 85.9314
55.5202 450.0300 87.0149
137.5375 450.1832 82.0883
13.4692 449.7593 187.0967
12.2694 449.8691 172.9674
12.9738 450.3739 203.4492
16.8829 449.6155 136.9455
67.2594 450.4399 84.8779
147.0051 450.3477 87.2893
11.2901 449.6932 195.8325
11.2419 449.9598 174.0854
25.7577 447.0899 222.2545
8.9722 449.8189 149.7070
70.8709 450.3953 83.1162
142.9039 450.1661 82.1683
11.8044 449.9685 186.3891
7.8126 449.6375 168.2295
11.3431 450.0289 200.2953
11.7357 449.6616 141.2889
57.4302 450.2301 84.2907
145.8918 450.2288 83.2622
10.7318 450.0560 184.2250
11.0345 449.5649 218.6722
13.6026 449.6406 136.5318
68.9241 450.3114 81.2978
121.1155 450.2985 78.5846
9.1336 449.8024 158.4998
10.1766 450.0660 200.0334
5.4346 449.7801 151.5959
70.7117 450.3210 80.5270
118.5499 450.3993 77.8021
8.8629 449.7650 158.0596
8.4645 449.7575 217.5326
8.9775 449.5940 137.0064
80.3052 450.1193 76.5512
29.2681 450.2271 107.3588
7.3344 450.1365 198.0019
14.8337 448.5504 221.6585
15.5116 449.8579 129.7726
67.1851 450.2546 75.9319
115.1094 450.1097 74.1024
7.0150 449.7443 178.4911
13.8669 448.4437 221.9962
4.0072 450.1151 205.8405
6.7082 449.8690 143.0407
69.3810 450.2856 76.3232
117.8802 450.2696 73.0721
2.5243 450.1567 192.7051
12.4222 448.4945 222.0100
4.3329 449.7854 144.1492
23.8878 449.8043 110.0147
5.2499 449.8715 183.1796
12.7818 447.9702 222.9151
11.1787 448.1856 222.7143
-0.3479 449.8155 150.1301
22.7482 449.7296 109.7713
4.5397 449.8613 177.3820
1.9291 449.7865 212.6950
0.4868 449.7007 147.0269
76.3721 449.9756 73.4303
-0.9109 449.9018 164.4959
1.8953 448.4337 221.2186
-0.6355 449.7129 145.7081
65.9769 450.2892 71.2724
-1.5001 449.7220 197.6943
1.0243 449.9147 210.7695
0.3265 449.8173 138.4294
67.1698 450.1407 69.9319
-2.8240 449.7387 197.2680
1.3716 448.4514 221.0048
-2.4572 449.9900 149.9735
76.3070 450.2506 71.2713
-2.1853 449.6458 197.7604
4.3031 447.4207 224.2054
-7.2010 449.6446 156.5036
-2.0204 449.7342 199.1006
0.5755 447.3481 224.2347
66.1496 450.2707 67.9429
-2.7531 449.8057 199.4024
-1.2603 448.9156 220.7514
74.4082 450.2322 65.2164
-7.7986 450.0320 195.1869
-2.1590 448.9665 220.0609
-10.9657 449.7436 165.2326
-7.6358 450.1598 190.1543
-11.2949 449.5909 170.7432
-12.4621 449.7257 164.3052
-4.0820 449.8155 185.4001
-11.0895 449.6974 174.1226
-12.1844 449.4094 148.6737
-2.7191 449.8448 184.9582
-14.9501 450.0200 167.1542
-13.4773 449.4831 150.5493
68.4274 450.2062 64.9168
-11.3818 449.7821 199.8601
-9.4238 450.1082 204.7034
68.8338 450.3154 63.9727
-15.8838 449.9106 173.3292
-15.2788 450.0131 155.7216
-10.5925 450.0541 187.5696
-11.8184 449.7679 177.5180
-19.2046 449.9320 160.9032
-18.2780 450.0059 173.4554
-17.9820 449.6273 148.3708
-11.6918 450.0746 186.4810
-12.6600 449.9826 180.4059
-20.7181 449.9474 153.5351
-15.0783 449.9196 186.7332
-4.8597 448.1107 223.4064
-19.7364 449.5641 146.7306
-13.5561 450.1120 185.9911
-17.1419 450.0601 180.4816
-14.1926 449.4936 210.2151
-12.8941 450.0409 184.6002
-19.2223 449.5237 204.7004
-7.5904 449.3580 221.5459
-23.7332 449.9566 163.4790
-21.6414 449.7860 179.3409
-11.3505 449.6044 212.1798
-17.8369 450.0059 186.1837
-17.7886 449.8513 184.1085
-18.2983 449.5673 208.4961
-18.8287 450.1151 186.6763
-25.7394 450.0007 179.8422
-15.9541 449.3867 215.5348
-30.4419 449.8736 159.8237
-20.4684 449.6233 207.0344
-25.9350 449.8217 144.8601
-25.8055 449.6756 198.4492
-10.8891 448.5962 222.7739
-31.2993 450.2213 152.5991
-26.7154 449.6578 199.8836
-11.6509 448.7920 222.4486
-26.8905 449.7160 143.6211
-26.3688 450.2515 188.4408
-29.1878 450.0451 174.3515
-19.2966 449.2910 215.1784
-31.2908 450.1154 166.0649
-24.8342 449.6446 212.0451
-21.1065 448.9192 216.2035
-32.6827 450.2104 167.4749
-27.3382 449.6015 212.5094
-13.2728 447.9571 223.0642
-30.6230 449.8656 139.7271
-31.0788 449.9869 199.6979
-17.8593 448.0853 221.6485
-36.2139 449.9592 156.5222
-31.3845 449.9226 198.1235
-34.6749 450.0036 176.7820
-31.0434 449.9322 137.2016
-31.5899 449.6531 189.7605
-35.4768 449.7448 186.6114
-34.6976 449.6605 144.0311
-39.0610 449.7781 161.7114
-30.3766 449.1678 215.7139
-27.8719 449.8068 132.2427
-41.5317 449.9156 158.9183
-37.5676 449.6685 205.3708
-20.8635 447.1524 222.2062
-37.4127 449.8835 144.9140
-37.8863 449.7157 207.7298
-37.7159 449.3967 191.4143
-39.1052 449.9941 142.1844
-39.2621 450.0643 164.7777
-35.9351 449.6197 210.5877
-43.5253 449.7916 182.2435
-36.8651 449.7061 133.6844
-45.3862 449.9431 158.1042
-38.6270 448.6956 214.0580
-41.0464 449.6534 188.8325
-37.6009 449.8045 131.7534
-43.0583 450.1973 163.1515
-30.7367 448.2105 218.8551
-42.3041 449.9509 139.3113
-46.4114 449.9824 162.5058
-39.7717 449.2227 210.9571
-45.1632 449.6085 182.9101
-41.8978 450.0366 135.5265
-50.6108 450.0501 156.2314
-43.2829 449.7441 187.2275
-43.6115 450.0539 140.6068
-36.1360 447.8344 218.0585
-41.1725 449.7395 129.5565
-45.6860 449.7569 166.4797
-33.6965 448.2513 218.5467
-47.1382 449.9026 186.2239
-50.5736 450.0562 150.3989
-47.8935 450.0249 173.4771
-42.9300 449.7622 125.0994
-46.7436 449.8774 171.8605
-50.4374 449.7805 179.5073
-44.4037 449.9594 131.2635
-54.4215 450.0805 149.9142
-49.6062 449.4769 181.2347
-51.2306 449.7910 140.4193
-50.1975 449.9379 172.0597
-40.0819 449.9616 118.7121
-53.8996 449.9446 148.0382
-52.9247 449.9240 180.1767
-51.7984 449.4585 137.6071
-51.6993 449.9976 171.2158
-48.5459 449.7924 132.7720
-53.8067 450.3259 169.7074
-56.6708 450.0086 141.5187
-52.2923 449.4281 137.4643
-62.8482 449.8720 160.9906
-54.7782 449.7983 137.9324
-56.6899 449.9715 130.1005
-62.6339 449.9530 147.8762
-51.9514 449.7606 116.4795
-64.9390 449.8761 158.0808
-62.0371 450.0561 142.9850
-58.9348 449.7692 132.2834
-62.1344 449.7976 139.8723
-49.0371 449.8091 110.8682
-63.2301 449.7497 138.5682
-44.9905 449.6521 109.5352
-63.6329 449.7141 140.8955
-70.3290 449.7969 158.7521
-63.0524 450.0970 119.3433
-71.4364 449.8379 155.3897
-63.5104 450.3020 114.9570
-72.3984 449.9029 154.8394
-63.6358 450.2062 113.3197
-72.9368 449.9042 157.9188
-59.9246 450.0019 112.5093
-75.6162 449.6075 153.1980
-67.7967 450.2605 113.7847
-74.7576 450.1423 156.9704
-60.6123 449.9325 111.3333
-75.0189 449.7760 154.2456
-53.7516 449.7232 103.9307
-71.0314 449.8571 136.7288
-69.6382 450.0741 121.3261
-66.5558 450.1635 106.5250
-76.3754 449.7783 162.6586
-71.3577 450.3251 106.3081
-81.1047 449.9080 152.9745
-72.8482 450.1367 112.6673
-60.9751 450.0293 104.0830
-77.9454 449.9051 159.0891
-69.6508 450.2453 100.7056
-86.5492 449.4811 145.0617
-54.5191 450.1203 97.0639
-75.9895 449.9767 132.7660
-79.6438 449.8894 158.1736
-75.8620 450.0294 115.8042
-86.7507 449.6917 147.9896
-76.9815 450.1688 112.0836
-82.3830 449.8498 132.2916
-84.7926 449.7276 153.5103
-75.2038 449.7473 102.8128
-90.2949 449.5202 146.5081
-77.8657 450.0120 109.5520
-66.1548 450.1421 95.4812
-86.1181 449.3568 156.3927
-73.7757 450.0359 98.5853
-92.6759 449.6073 137.5590
-56.5933 449.9655 89.0531
-76.3989 450.0799 98.8409
-92.8360 449.6936 144.6838
-80.5393 449.8546 120.6255
-57.9826 450.0171 86.8046
-83.4386 449.5305 119.4521
-65.2524 449.7519 85.7612
-55.3987 450.2022 83.6663
-61.4037 450.0231 84.3019
-83.6873 449.5739 118.2579
-63.4449 450.0251 81.6149
-85.3931 449.4714 119.1274
-81.8555 449.9809 97.0756
-85.7007 449.9837 113.2633
-84.7768 449.7523 101.9468
-52.6064 450.1199 81.4919
-72.8799 450.3354 87.3141
-59.0786 450.1784 76.5771
-88.8097 449.7539 110.3537
-80.9376 450.0728 94.3493
-89.3732 449.7716 112.0830
-89.1661 449.7498 101.8936
-99.0336 449.5761 123.6860
-71.2756 450.1284 85.8531
-87.6474 449.8458 96.7721
-45.5246 449.7996 79.9760
-83.0606 449.8904 88.6121
-58.7332 450.2999 71.9135
-81.0786 450.0788 84.4077
-60.3255 450.2494 72.2421
-85.2760 449.7623 87.7449
-75.3634 449.9673 79.1146
-95.2701 449.8569 109.4717
-92.6280 449.8603 97.2913
-77.0047 450.0145 78.2160
-76.1549 449.9806 77.0864
-84.4327 449.7515 84.0640
-76.2762 449.9262 77.8935
-83.5754 449.8547 80.4967
-98.4631 449.3864 101.8868
-105.5679 449.7206 113.2802
-98.2182 449.6421 96.7270
-62.4592 450.5866 68.9189
-89.1234 450.0074 84.6815
-97.0780 449.8373 90.3039
-106.8868 449.8432 106.6867
-93.6215 449.9063 87.5365
-66.4095 449.9114 66.1949
-82.8665 450.1776 74.2858
-96.7496 449.7914 89.2863
-109.0599 449.8013 105.4387
-99.5894 449.7397 93.9094
-66.7339 449.8470 64.6100
-81.7115 449.9560 71.7897
-76.7403 450.1074 65.5564
-89.3042 449.6833 78.2414
-82.5790 449.8601 71.1622
-85.6664 450.0195 73.3223
-102.6208 449.9086 92.5327
-66.4505 449.9534 59.5222
-102.0480 450.0730 87.5708
-93.0287 449.6725 78.3177
-101.7463 449.9230 85.4318
-90.0629 449.9482 74.3326
-86.6402 449.6512 65.4095
-102.5900 449.5701 82.7932
-85.5783 450.0264 62.6129
-84.9122 449.8527 60.3688
-95.1647 449.8817 74.3068
-83.6048 449.9524 58.2975
-101.1494 449.9040 76.7034
-65.6085 450.1092 53.9331
-109.4657 449.4999 87.0097
-67.1568 450.2268 53.4099
-110.9092 449.4595 88.2372
-66.0448 450.1456 52.4905
-77.5419 449.9996 52.4241
-103.8669 449.8155 75.6692
-91.9618 450.0630 60.4407
-91.5712 449.6756 54.8744
-107.4432 449.3570 77.9013
-100.3846 449.7533 67.5493
-92.9021 449.9531 56.8660
-114.6589 449.7876 84.2826
-103.6056 449.9830 68.7321
-94.9226 449.9941 56.0232
-105.3799 449.6177 64.0873
-107.3948 449.6978 70.4689
-118.9193 449.5605 74.1691
-107.6879 449.7869 54.2189
-115.0642 449.3751 67.4396
-111.3227 449.5245 58.0824
-116.6536 449.1250 68.5019
49.3231 450.9046 -76.5639
51.1869 450.8921 -76.2423
51.6839 450.3856 -77.9074
44.8077 450.5053 -79.7268
44.3723 449.1627 -82.3147
51.4741 451.1782 -72.1224
46.3906 451.3591 -72.6061
45.2689 451.2871 -72.5640
41.6926 448.6764 -83.5046
52.0436 451.2973 -70.3133
52.5170 446.5561 -83.1962
56.6876 450.3741 -76.9473
39.8380 450.8480 -76.9610
58.3672 447.9102 -79.7288
40.3363 450.8072 -78.3446
38.8040 450.1085 -81.7452
53.8456 444.3151 -84.6232
56.9685 450.9470 -75.4089
45.4057 446.3258 -85.4428
58.1396 451.0598 -72.9798
38.1899 447.4644 -85.9449
50.1461 444.2605 -85.8085
59.0466 446.1041 -81.9444
42.1141 445.3461 -87.2075
58.4174 451.2140 -73.8997
40.4618 444.8851 -87.9000
35.5846 450.6895 -79.9664
65.0451 446.8028 -78.5921
46.9210 444.9797 -86.7427
35.9429 450.6058 -80.7241
36.5312 450.6531 -80.6073
42.5727 444.5021 -88.2920
34.6647 450.5953 -80.9401
33.5830 450.1931 -82.4231
32.9336 451.1852 -75.2663
32.6535 447.0829 -87.5126
48.2895 443.6955 -88.8215
69.0571 448.4544 -74.5263
42.9140 443.6578 -90.0440
64.2058 450.8481 -71.8859
34.2767 445.1991 -90.8178
66.5352 450.0872 -72.8350
31.1416 451.6185 -75.0912
33.3070 445.7446 -89.8277
26.9489 451.2117 -75.9165
30.1964 449.1475 -85.0916
25.4685 450.9190 -78.6954
29.1663 449.5900 -84.4833
68.8294 450.9625 -67.8498
28.8897 445.4176 -90.4062
69.3551 450.8371 -68.8832
22.7266 444.0941 -92.5364
72.7940 450.7244 -68.5098
24.0190 450.9231 -73.7769
25.9210 447.1552 -88.3609
24.2347 450.5334 -83.8658
22.9624 445.0407 -92.2191
22.6807 445.4181 -91.6884
22.5688 450.0113 -84.9232
74.7234 451.1876 -65.5626
18.5707 450.9910 -81.6305
17.7049 450.8936 -74.3561
18.4207 450.9665 -72.3611
17.4941 450.9156 -72.5815
12.7411 445.3281 -91.1337
12.7525 443.3581 -92.5730
13.6281 447.5766 -89.0310
14.8116 449.5509 -86.4494
14.2017 450.4368 -84.6058
13.6288 451.0153 -82.1840
11.7719 450.8688 -81.9623
7.6730 451.0555 -78.9157
11.7023 449.0584 -87.3142
10.6112 450.6587 -83.5831
8.4725 450.8631 -73.5174
6.0780 445.3386 -91.4975
12.9290 450.5370 -65.0119
2.1627 447.4352 -89.5469
6.2462 449.8487 -86.6838
5.0630 450.1814 -86.0421
4.1311 450.3736 -85.6077
1.0224 449.0103 -87.7351
1.7526 444.4799 -91.8847
1.8906 450.5758 -66.9913
-0.6946 450.7842 -81.4082
-1.5162 447.3768 -89.5660
-0.5174 444.5403 -91.7042
-3.8687 450.8467 -78.7445
-1.5218 443.8098 -92.1845
-4.2097 450.9575 -77.6273
-2.9007 449.3590 -87.1710
-6.0700 450.8189 -76.3319
-2.9476 450.5296 -83.9543
-4.9641 449.0042 -87.5815
-7.2912 450.6084 -79.1695
-8.1633 450.6666 -76.2600
-5.6296 450.5680 -83.6447
-5.9396 449.7512 -86.1403
-9.4433 450.7461 -69.1703
-7.3385 450.5717 -65.7701
-7.9587 448.8110 -87.3671
-12.1274 450.5405 -72.6106
-9.3986 448.9584 -87.1502
-10.4492 446.0878 -90.9579
-12.8834 450.4723 -71.6428
-5.6336 450.2511 -61.0942
-10.6220 449.6962 -86.2065
-15.6394 450.4810 -64.9126
-6.0834 450.3349 -59.5930
-14.0480 450.3009 -84.5592
-12.8546 450.3868 -61.0523
-16.2936 450.2619 -81.1304
-17.4730 450.7775 -69.7436
-11.9704 442.2458 -94.0358
-17.8905 450.7401 -68.6316
-15.0292 449.7088 -86.2036
-18.3237 450.7680 -77.7132
-16.7148 446.7556 -89.3366
-18.0393 450.4202 -58.7346
-18.1011 449.9272 -83.6008
-19.3910 450.6770 -68.0526
-18.3282 447.9547 -88.2600
-20.5566 450.7299 -78.7987
-17.8974 447.8419 -89.0029
-21.7448 450.6254 -75.7268
-23.2026 450.5548 -57.1349
-20.5384 449.6975 -83.8988
-21.1533 450.4483 -69.7497
-20.4057 449.2601 -85.0979
-17.3114 450.4126 -53.5904
-21.7287 442.8144 -91.2283
-23.6446 450.2281 -74.8381
-25.9305 450.4064 -64.4772
-27.5065 450.5100 -60.6335
-22.4252 449.2198 -83.9520
-27.4593 450.2737 -55.4718
-23.6098 448.8433 -84.8645
-28.8517 450.2857 -65.2361
-26.3032 450.2931 -70.1210
-25.6428 444.8740 -88.9854
-26.6639 449.9467 -68.9632
-27.3783 449.6307 -82.7124
-31.6740 450.2949 -65.5226
-30.2959 450.2473 -74.5318
-31.3064 450.2848 -68.1127
-32.3904 450.2909 -54.9383
-28.3507 447.3280 -86.1250
-34.7914 450.3220 -55.5895
-31.8467 450.1654 -73.0681
-37.7453 450.3272 -57.8236
-34.7829 450.5248 -53.1816
-31.6211 442.6891 -89.4361
-34.9487 450.1491 -64.8186
-33.2790 450.4697 -78.1644
-35.6922 450.4606 -69.2043
-32.2999 449.6629 -81.9645
-33.4105 443.2988 -88.4355
-34.2510 450.1198 -80.4761
-33.2826 447.5591 -84.9200
-38.3719 450.4248 -68.3754
-32.7929 449.1952 -83.2976
-33.7688 448.6060 -83.7214
-40.3538 450.5336 -70.4072
-37.7063 449.9453 -80.3647
-42.0384 450.4316 -62.8184
-38.8399 449.8667 -80.0678
-35.8127 435.3934 -91.1141
-41.3885 449.8874 -77.2338
-34.5510 435.8807 -91.2966
-44.6420 450.1102 -66.4915
-41.2164 449.8459 -77.7822
-39.4451 435.4617 -89.2534
-46.3058 449.8937 -77.1159
-39.8237 443.7251 -86.8563
-46.1236 449.6084 -78.4841
-39.6363 445.0707 -86.4005
-41.9999 448.2008 -82.0552
-43.0640 440.8202 -86.9663
-41.4779 447.2920 -83.1442
-41.3124 446.0111 -84.4667
-49.7636 450.3800 -70.9368
-49.8782 449.9848 -76.5265
-42.0384 434.7927 -89.8108
-49.9845 450.1973 -71.9861
-50.3117 448.1990 -78.8799
-50.8781 450.0880 -76.6357
-47.2928 441.2615 -85.7562
-47.0783 444.3214 -83.9721
-50.3178 440.9786 -85.2073
-47.8760 443.4151 -84.5287
-48.2914 443.8026 -84.2717
-53.8031 445.1115 -81.6771
-56.5894 448.8177 -76.0234
-56.9598 446.2775 -79.4784
-59.5569 446.7810 -76.6959
-57.1969 446.0396 -80.3556
-58.1084 444.7534 -81.7363
-58.9296 445.7264 -80.5531
309.8722 7.8745 304.4952
313.7512 8.2122 303.3859
292.9089 6.1039 277.8679
289.7745 6.0456 274.6484
312.0431 4.6056 275.1663
330.1767 7.9579 286.2764
312.8417 3.6992 269.6326
335.4118 11.5929 301.1057
289.3514 6.9436 269.1377
301.6558 3.3242 260.0888
325.2671 4.9785 272.5517
202.3684 6.6100 259.9758
319.1500 3.6851 258.7106
183.0913 9.3582 265.8986
317.7540 2.8845 251.2002
282.1931 7.8191 262.7032
361.0305 11.7342 285.5492
291.9863 3.4039 249.6350
156.0372 7.8301 292.5685
289.3465 3.3643 252.7835
279.9685 8.3465 257.9801
350.1018 6.1207 268.5664
320.1177 5.4801 218.7157
344.9495 5.6316 260.9658
311.7843 4.1882 239.6056
374.3604 9.4146 267.9278
317.5014 4.6098 238.4932
356.1707 6.1541 261.2715
328.1512 5.2829 229.3937
102.6571 -0.4997 357.5414
338.4116 5.7247 152.3783
391.2989 13.9450 267.5731
350.2200 4.9459 152.3908
92.8734 -0.3875 354.3977
345.7072 5.0601 142.3713
392.0068 12.5925 258.4248
343.8163 5.7976 233.1969
331.8294 6.0671 233.9970
257.7897 9.3288 129.3620
360.3183 4.5488 138.5825
370.6079 5.6555 136.7242
244.1434 8.6386 130.4751
145.0313 168.1773 201.3181
150.4809 162.6503 200.9462
149.1442 165.3629 198.0088
148.1362 167.0050 196.6699
129.3874 190.1757 202.1057
152.6575 162.5962 195.6598
-1.4604 5.0651 -193.3601
-5.4073 4.6068 -192.6503
-0.1359 5.4574 -198.1169
-5.6191 3.9665 -196.8644
-9.7889 4.4755 -189.9650
-6.7519 5.2832 -181.2463
-0.3737 5.1123 -175.9603
-4.1907 5.4072 -177.8458
-15.1697 4.2632 -185.1216
-12.4124 4.4281 -192.6347
-18.3908 4.3192 -179.6778
-8.6161 2.3831 -213.0620
-2.1309 4.6284 -212.0401
-13.3063 4.5229 -174.5592
-22.8427 3.9666 -204.2139
0.6410 5.3502 -211.0406
-18.5884 3.2834 -194.8898
1.5744 4.8481 -213.8444
-32.2956 4.2493 -196.0159
-24.4746 2.0760 -220.2920
12.5459 5.0969 -209.9648
-28.0938 5.5221 -208.4919
5.5321 5.1365 -217.7221
-52.6865 6.7946 -187.7170
-2.8770 1.6682 -223.2795
-29.8707 4.7449 -205.2528
7.3261 5.6340 -218.3347
-40.6696 3.8837 -219.7181
9.3786 5.7608 -216.7348
-34.7423 5.3558 -210.3263
12.0044 6.0398 -217.5116
-46.1541 2.6195 -234.5246
-63.2541 4.9372 -194.4290
-0.3618 1.8212 -227.5650
-45.9178 3.8307 -213.7447
-35.0993 3.8475 -205.0713
-29.7833 3.3751 -265.5185
-68.4834 2.4211 -192.8281
3.4874 4.2942 -231.8137
-52.9509 2.3482 -268.8294
-47.1789 3.4632 -210.6952
-7.7763 5.6426 -264.8483
-47.1008 3.7041 -212.4377
8.0765 4.9968 -232.1373
-66.1076 3.0429 -260.1272
13.6825 7.7329 -224.8134
-75.8712 3.8665 -248.5682
7.5017 3.8024 -241.2422
-76.4563 4.7449 -252.6510
29.3034 10.0744 -229.1897
-70.2848 3.4603 -268.6805
-115.3129 2.6322 -235.8401
13.5736 5.1762 -263.7053
-74.3298 4.6207 -264.6937
-115.4224 0.2658 -257.0884
16.9539 8.7567 -233.0552
-79.6978 3.0760 -279.6499
-124.2714 4.1621 -242.4378
14.0926 4.8148 -241.4784
11.2846 2.2740 -247.2115
-115.7309 1.8472 -220.8058
47.8264 7.8513 -194.0719
19.8360 6.8154 -267.7841
12.2345 2.0035 -245.7362
-85.9384 4.1627 -252.3322
-122.2106 3.2496 -218.2280
17.7592 6.0607 -258.3028
19.2527 1.7241 -354.4203
-125.5000 3.8602 -215.0066
52.3219 8.6470 -212.4008
31.2026 9.9965 -295.6674
39.2426 3.6841 -338.2454
-131.6810 6.2025 -238.8256
30.7553 7.7300 -243.5025
29.0603 2.9694 -329.7842
15.6066 4.7876 -250.8407
-129.7821 6.9097 -237.4084
19.3062 7.9924 -251.1182
27.0782 13.6114 -271.8011
-93.3484 -0.0860 -286.7013
-143.6912 0.9627 -279.2980
53.0150 5.0795 -223.4785
28.5504 14.1832 -272.6065
-103.2745 -1.5268 -289.4914
32.3017 6.4641 -246.4614
36.1528 12.6879 -292.9743
43.1024 3.6156 -329.9934
-137.1259 3.6773 -286.1924
60.9969 0.4595 -224.4427
107.9664 4.0162 -299.8430
76.8223 5.1348 -209.7449
44.9116 11.7505 -281.9587
104.6341 3.1340 -354.6595
47.3459 9.8666 -271.6201
51.7502 10.1252 -276.5198
87.8476 2.8977 -215.9205
120.8406 2.6043 -281.7974
19.8680 10.4557 -251.9486
85.7166 -13.1537 -254.6761
115.6645 3.2758 -350.0537
91.7178 -13.6218 -254.4896
159.6721 6.4961 -219.8698
16.5951 191.6503 -122.5166
15.7529 191.4562 -124.1225
12.7169 191.8131 -119.2260
26.6652 192.9589 -116.2396
17.0637 192.5782 -112.2935
8.1620 190.3055 -111.3892
30.1738 193.0790 -107.6691
34.4510 193.1789 -108.2442
38.3365 193.4936 -109.8477
39.7759 191.3863 -102.4506
-2.0271 190.3762 -118.9920
-2.5761 190.5623 -119.6232
-6.8134 190.4426 -118.5712
-11.3925 191.2214 -120.7958
-18.0888 188.2206 -122.4239
-20.3138 188.1069 -121.7408
-24.7407 186.9411 -121.7606
-22.8214 188.8873 -118.4777
-23.0561 188.8686 -116.7163
-30.1816 186.7608 -120.3943
-31.6584 187.0631 -119.3687
-20.9141 190.6337 -110.0519
-26.4164 190.0517 -110.5325
-230.9198 5.0704 87.2546
-237.8448 2.4326 114.7078
-238.9530 4.8302 79.4118
-216.2779 4.8042 103.5078
-251.5922 0.6523 107.2741
-232.7212 5.4644 76.2147
-217.9405 3.7286 73.5631
-227.1302 5.9825 140.9482
-244.7368 0.7058 139.5043
-206.5818 2.3346 143.9369
-260.4086 4.2333 56.7120
-315.7816 0.1191 61.9026
-211.9499 2.2535 149.3729
-214.6155 2.4142 150.8631
-313.3410 2.2743 24.8744
-297.9262 -1.0186 13.7111
-256.9162 1.6373 20.3735
-313.2180 3.2277 19.6930
-250.5965 4.3494 10.0504
-328.9487 1.6410 30.9006
-235.4530 3.6052 8.1899
-258.7658 2.2902 14.8831
-203.8829 2.6140 167.3059
-268.9151 1.8696 7.1311
-214.2970 2.3850 171.9134
-300.0438 2.4363 -33.7687
-263.0482 3.9511 -6.4285
-257.0456 5.3211 0.8360
-205.8828 3.3109 175.9994
-254.4106 4.2969 -12.6199
-212.6538 3.5226 215.7516
-287.2828 1.1622 -66.9396
-320.4578 2.2437 -58.4985
-320.7147 2.6052 -53.3033
-275.3089 -0.2214 -72.0961
-266.4905 -0.0106 -65.2973
-298.8756 -0.1590 -95.3355
-279.9726 0.9183 -76.8206
-292.5764 -1.8135 -99.5505
-276.5554 -1.2306 -78.3723
-289.9365 -0.4310 -111.4399
-270.1935 -11.9138 -87.5340
-286.3500 1.8210 -118.1091
-211.8790 -0.4613 285.3381
-270.6075 -12.1394 -88.3077
-242.8487 2.5160 -89.0942
-215.7847 -0.8874 283.6712
-246.5234 2.7122 -92.9488
-215.2131 -0.0702 286.7938
-232.5245 0.7352 -84.6947
-253.5090 1.9367 -94.7474
-226.9494 1.0734 288.9873
-229.6211 1.1724 -89.9120
-249.8097 2.6323 -98.2995
-220.1019 0.1733 287.3470
-226.5598 0.6287 -89.0936
-247.7080 2.8520 -102.6007
-231.1445 5.7924 -96.7301
-235.6085 5.4675 -110.0152
-231.5104 5.2734 -102.2329
-223.8396 5.0094 -114.7954
-223.0000 3.0135 -107.0421
164.6066 442.9329 36.0757
165.4480 442.3999 34.1161
163.3661 443.2226 35.1039
165.3478 442.2984 33.0815
162.0565 443.1437 28.1960
159.2428 448.4208 43.2790
157.8368 449.3259 41.7738
161.2400 442.2427 23.8127
162.2027 442.7406 21.9180
157.7139 449.5159 43.8858
157.5496 446.3687 25.0526
157.9741 446.4325 26.8403
155.2592 450.0623 36.4008
156.2221 449.9900 45.3124
155.6424 447.7755 23.1573
155.0514 448.9532 28.5135
156.9852 450.0834 48.8167
160.1206 443.6426 16.2519
152.8951 450.5598 30.3719
153.2630 450.3683 46.4175
160.0119 443.6556 17.7867
158.9749 444.0346 16.4933
159.2302 443.2873 18.4865
152.4251 450.5236 28.0267
151.3737 450.7624 28.2662
153.9010 447.8339 18.3102
150.7045 450.6383 22.3801
149.9920 450.7413 24.5661
155.7123 444.7610 13.9312
157.5686 443.7174 10.9150
156.5272 443.3630 11.7038
157.2067 444.0600 9.7868
150.9628 448.2431 11.1483
148.5173 451.0933 18.7107
156.4942 444.6347 7.3299
156.4423 444.6516 7.9151
148.2910 450.8372 13.9839
148.0158 451.0228 15.5006
155.9136 444.6808 7.1282
148.7051 449.3248 8.1806
155.1529 443.9640 7.4962
147.5273 451.0421 13.9814
147.8087 449.9294 7.7250
141.4361 450.7846 14.6644
137.5515 450.6063 19.2705
146.1974 451.0756 9.7101
145.3824 449.1127 1.0975
145.5785 450.6194 5.6689
145.6377 450.9431 7.6762
145.3716 450.8310 6.5872
142.7381 450.7715 9.6640
143.5165 450.8375 3.2668
142.7343 450.4951 0.2697
142.7422 449.8611 -2.1407
143.1115 448.1138 -5.9299
145.4463 446.3170 -5.9988
147.7469 444.5563 -6.6274
140.3210 450.6674 -2.9501
140.6517 451.2583 2.8409
149.9123 444.5081 -4.6985
147.3338 444.5225 -8.1203
140.1309 448.7781 -9.7043
143.6915 445.5211 -10.8775
138.0942 450.9414 -2.7761
146.5944 444.2998 -10.9037
145.6231 444.4238 -11.6857
138.7043 446.9644 -16.6370
137.5365 447.5070 -17.4247
139.5533 445.8920 -17.8629
138.8133 445.9421 -18.9303
140.9621 444.9863 -18.2227
138.5880 445.3878 -20.4878
140.8436 444.6374 -20.0732
138.1718 445.0302 -21.6141
141.8084 444.2698 -19.8613
139.2667 444.4423 -22.5193
138.1782 444.5148 -23.5976
131.1190 448.4442 -24.8817
132.6677 446.2781 -26.3995
128.5062 449.9341 -25.2179
134.0450 445.4911 -26.3680
131.6800 446.0707 -28.5752
127.4683 449.3501 -27.8732
132.3481 445.6187 -29.2730
125.7864 449.6003 -29.1931
125.7364 450.3365 -27.8164
124.3862 449.4020 -31.2347
128.0108 445.6497 -33.9656
127.6846 444.6433 -37.6837
123.7011 447.8424 -35.4441
125.9640 444.6622 -39.9835
118.4854 450.0051 -36.6466
120.5777 447.3546 -39.1822
123.5517 444.6892 -42.9864
119.8002 446.5542 -41.4671
122.0958 444.8765 -43.7796
112.0669 441.8492 -55.4656
112.8359 443.2387 -54.1494
107.3175 439.9811 -59.9329
111.1147 443.4410 -55.0619
113.5101 449.5409 -43.1912
117.6902 444.9617 -45.9263
101.9899 440.8815 -64.0946
105.5304 442.9218 -59.8564
108.8341 443.4294 -55.9083
108.6790 443.6688 -55.2861
102.1329 443.3461 -62.8352
112.8676 444.4503 -50.4970
107.4814 444.4295 -55.1519
100.7975 443.8271 -62.3252
100.5198 444.3909 -61.5030
99.5243 444.5707 -61.8046
101.9494 446.9251 -56.9248
99.9208 448.7451 -55.9784
97.2506 447.3782 -59.7088
97.4358 449.9251 -55.8587
152.6575 162.5962 195.6598
8.5824 528.8866 18.4444
9.6061 526.9332 15.8380
11.8641 525.8975 17.6441
8.1921 526.9677 14.0838
13.0487 524.7046 16.9630
11.8417 524.8145 14.6966
10.2040 525.2075 13.5705
6.3569 524.4836 14.3008
14.9767 522.8690 18.0132
11.8073 522.6509 14.7011
5.1544 523.1988 14.8834
4.3643 523.0025 15.3202
18.4778 518.9789 19.5090
8.7879 520.6016 14.8248
2.9502 526.4381 15.5879
13.5887 519.7418 15.4843
16.0439 519.1003 16.0557
16.4966 518.4538 15.8441
14.8638 519.2400 15.6214
15.4341 518.8858 15.6011
15.4047 518.3142 15.2208
13.9020 517.2559 14.8300
14.6366 517.1169 14.3682
15.9391 517.1317 14.0048
17.7186 513.9673 14.1178
8.6083 513.8865 15.9677
13.3282 514.7998 14.4341
18.1696 511.3125 16.4034
17.8968 512.0772 14.9280
16.2919 512.5443 13.4428
9.7683 511.2023 15.9284
13.7900 512.1089 14.2588
14.1631 512.8242 13.8176
18.8364 507.5099 18.4320
15.3285 511.5194 13.7750
18.4917 505.7012 18.5107
9.3270 506.4067 16.4780
7.1083 507.8481 17.1335
17.6481 503.7990 17.9657
6.9251 505.4704 17.4180
16.4078 503.7066 16.6489
10.2794 501.6652 17.0429
11.3209 501.3406 16.7351
15.6483 502.3152 15.6676
13.9101 501.4517 15.7358
13.4630 500.4819 15.7142
4.5808 498.6573 18.5258
3.3662 500.0225 19.1843
13.8277 499.3469 15.6395
13.7187 498.8274 15.8172
3.6229 495.9055 18.6966
9.0544 492.5978 19.3714
1.7841 494.5835 18.8971
6.9441 491.1417 18.2832
5.5991 492.4796 17.7266
0.0691 493.3867 18.7703
5.5710 489.9911 17.0764
5.3742 490.6883 16.8875
4.6366 488.2032 16.6999
6.7202 484.4038 23.8781
5.6496 483.4244 23.1511
-1.1373 489.2115 18.2772
-0.0675 489.1703 17.9205
-5.1815 493.0940 19.5563
3.2291 487.9465 16.3660
2.2939 480.0113 21.8957
0.5455 487.2452 17.8660
-3.6739 486.4246 18.4563
0.4996 478.0906 21.1218
2.8730 478.0388 24.1397
0.4098 476.7225 21.3463
-4.5542 481.8782 16.6994
-5.8828 479.3125 16.3800
1.1451 475.0680 22.8862
0.1301 474.5191 21.2617
-4.5521 484.2142 17.1587
-6.9384 481.6243 15.7566
-5.6845 484.3789 17.1131
0.2601 473.1840 21.1097
-7.8382 481.7842 15.7560
1.4464 472.8957 23.0646
0.5637 472.5186 21.0917
-9.8174 478.0110 15.9776
-10.2382 473.3060 16.6816
-8.9509 481.1170 15.7343
-1.6308 470.3540 17.8293
1.3976 470.7517 20.0422
1.9197 471.0728 21.0249
1.5366 469.6893 18.5101
3.1666 469.3446 19.2489
-13.0655 470.4707 17.7836
-6.6551 465.5126 15.5104
-13.2706 468.5136 16.6998
7.5123 467.4469 20.1779
2.2239 468.1515 16.9959
-9.6471 463.2300 15.4358
-13.9876 467.5750 16.8412
1.6236 466.9857 16.4546
-3.3703 461.8850 15.0433
-9.5208 461.4190 15.5460
6.4692 467.0396 17.8580
-2.5349 460.1254 14.6396
10.5531 466.1807 19.1883
2.5890 464.9133 16.1937
-8.4346 457.5295 15.4612
8.2642 465.8802 16.3636
7.6633 465.5834 16.0321
7.8322 463.6819 14.9101
-1.7932 457.0063 13.6144
9.7933 464.8538 15.9588
7.5525 462.1628 14.3309
-1.6930 456.3828 13.3120
-8.5391 451.7558 14.6181
10.9787 463.7720 15.5006
-0.7359 455.1127 12.7109
-8.9688 451.0481 14.4975
14.8383 464.4842 18.4477
-1.5690 454.1607 12.6228
13.3099 461.9460 14.8300
15.5621 463.9441 17.7281
6.7754 457.0933 12.6010
10.5940 456.7390 13.2444
6.4276 454.1204 12.0373
7.2776 453.7996 12.0801
6.8580 451.9510 10.8189
18.0509 461.7652 15.8301
19.8880 462.3502 17.0868
17.8545 460.7741 15.0822
20.1105 460.7202 15.5087
20.8815 460.8059 15.8726
21.4840 464.1042 21.5374
12.3656 451.3014 11.6608
20.0170 453.5972 12.8855
24.2941 460.9775 16.6204
12.4135 450.9076 11.2970
17.9180 450.9281 12.5129
26.1425 460.7832 17.1538
25.1600 463.8516 21.9260
22.8971 453.8471 13.1593
20.9931 450.7070 11.1415
23.3035 451.3242 12.5261
23.8750 452.3629 13.0367
30.0039 459.1004 16.6407
31.5651 459.0194 16.9923
30.8577 462.5056 20.3123
28.8202 464.1767 23.2056
24.8772 450.7775 10.9392
32.5124 456.0788 15.5693
31.4407 455.0110 14.7156
35.3987 456.1596 15.8654
32.7615 463.2626 22.5387
27.9699 451.4514 13.3799
30.9414 451.3713 13.4926
38.9041 459.6862 19.6944
34.8457 462.5021 22.6117
29.8558 450.7985 12.1328
38.2465 460.9585 21.3872
36.7752 452.7815 15.4614
38.6921 457.5897 16.9461
31.6072 450.5267 11.6847
39.5149 461.5127 22.4725
41.5360 457.0399 18.0542
42.6533 460.4214 21.4071
39.4969 451.5449 15.7633
42.3744 455.9517 17.7477
44.6675 457.1712 19.1941
42.3256 461.7807 22.4724
44.7392 461.4015 23.0062
48.5493 459.1411 22.1819
49.0667 458.0943 21.5939
43.4625 462.8106 24.3619
49.2386 456.2179 20.9423
43.0498 463.3473 25.9984
44.1167 450.6087 16.1887
45.7068 450.8041 17.0104
45.4320 463.5289 27.4532
47.7025 464.1204 28.4570
17.0251 466.6656 77.7127
17.9994 464.7757 75.9356
17.2499 463.8406 75.7580
21.5206 469.9219 79.7667
23.9686 468.4305 75.9237
15.3730 461.3614 75.5357
19.2945 460.9848 73.8281
26.1810 462.9986 71.3111
24.7501 462.2251 71.4186
27.5947 468.7423 74.8789
30.6253 467.8053 72.9256
31.9819 467.8424 72.4746
24.6046 459.2888 69.7470
28.1905 458.6166 67.7951
27.2776 458.5010 67.9939
27.8120 455.4247 66.6097
9.7242 450.3655 -51.8337
5.9023 450.6526 -58.2535
5.5046 450.6278 -51.8601
4.8697 450.7968 -56.3689
14.5919 450.7649 -55.9928
15.8680 450.6496 -53.6326
13.4880 450.7808 -48.9421
1.4537 450.5863 -56.7561
7.1936 450.7441 -43.4744
16.3304 450.7046 -47.8237
12.0915 450.8150 -43.2291
13.3638 450.8220 -45.2768
-0.6494 450.4523 -50.6895
19.0728 450.7226 -53.1024
-0.0581 450.4359 -62.5097
11.5748 450.7996 -41.9270
15.2824 450.8715 -43.2070
-4.3728 450.6114 -53.0816
21.5140 450.6333 -48.2843
-3.6178 450.5546 -48.9614
22.9523 450.8995 -55.3707
-3.9572 450.6874 -54.7830
-3.9913 450.1855 -62.9849
16.0223 450.7114 -38.0054
26.6173 450.8888 -44.7296
13.0281 450.6537 -37.4959
18.7464 450.6816 -37.8498
-6.9923 450.6289 -55.9693
27.0596 450.8436 -54.3186
32.5941 450.7666 -41.6239
6.1725 450.4450 -29.7177
28.1382 450.8227 -35.2392
-11.7408 450.5368 -50.2048
6.0483 450.4508 -28.3366
30.5036 450.7484 -32.4838
9.6067 450.4661 -28.6569
22.8047 450.6384 -31.4658
-16.8302 450.5204 -50.8308
-4.2213 450.4399 -31.1927
-18.5077 450.5477 -51.5038
-5.0123 450.3572 -27.9211
-20.0660 450.4327 -50.2029
24.9913 450.4700 -31.0801
21.1195 450.4954 -27.9823
-17.3114 450.4126 -53.5904
-9.4898 450.4150 -33.2610
-4.8088 450.4486 -24.7079
-15.3003 450.3303 -40.2005
-9.9487 450.2164 -29.9235
-18.7750 450.3268 -46.9250
24.4874 450.6939 -26.6389
8.9942 450.6148 -21.5659
-22.6471 450.6467 -51.5133
-11.9708 450.3928 -31.4264
-5.6699 450.5783 -23.5099
-17.5507 450.2694 -37.1397
-0.1147 450.5169 -16.0258
-23.3364 450.6166 -54.9790
26.5823 450.5912 -24.9780
-4.1354 450.6291 -18.2945
-24.2248 450.5249 -49.7977
-5.9078 450.4958 -16.8937
-22.1442 450.2274 -42.2355
2.3504 450.1262 -12.8037
23.4506 450.3301 -16.8768
-18.5448 450.2180 -26.6502
-7.3946 450.2976 -20.3063
-23.8641 450.2154 -39.3538
0.2220 450.2929 -11.3441
14.6314 450.2969 -10.5216
28.7764 450.5101 -21.8117
17.3379 450.8073 -11.1335
-0.1144 450.4363 -9.0261
17.0591 450.7066 -10.7113
-27.4543 450.4410 -33.7240
-30.5420 450.5135 -48.5085
-31.3707 450.2923 -46.5774
-31.9118 450.0137 -43.8380
-33.6003 450.4661 -49.2916
-34.8787 450.4117 -48.9992
-39.0942 450.3018 -40.8767
-36.9879 450.2539 -46.5058
-39.8881 450.3347 -45.8361
-44.2956 450.5297 -35.9605
-45.6178 450.1607 -29.8333
-48.0658 450.2793 -38.5909
-50.5726 450.3390 -37.4651
-103.9796 195.9983 -81.7173
-106.8123 198.1397 -76.0118
-99.8221 197.2798 -82.7647
-107.3058 194.0150 -70.5004
-123.8341 189.4115 -67.2092
-100.7736 187.7771 -89.2864
-109.6381 191.4613 -64.8972
-121.6821 172.3197 -73.2350
-94.6683 196.3674 -84.1452
-128.3335 164.0205 -69.2709
-92.2652 195.7667 -84.5172
-96.0885 191.3334 -76.2197
-88.3038 196.2251 -87.9199
-134.1558 170.9087 -62.1802
-91.5832 194.3605 -82.4031
-130.0363 192.8214 -59.0857
-108.5947 187.9703 -61.2434
-84.2434 193.0609 -97.3546
-139.9253 172.2826 -56.5918
-110.1130 186.0805 -56.8509
-84.3854 187.5096 -100.4277
-136.2847 190.4320 -57.1980
-116.4781 187.1102 -51.6809
-135.2806 151.3998 -68.9099
-96.6414 178.3085 -66.8068
-85.4951 179.5018 -101.2398
-124.0018 147.2905 -83.4379
-104.0682 181.5106 -55.3947
-83.5992 195.8092 -88.3026
-136.9615 191.2015 -55.2950
-94.8362 176.0062 -62.0637
-80.4305 195.2817 -89.2609
-147.1742 185.3445 -45.8970
-97.4784 178.7703 -57.1026
-80.9892 196.1948 -90.2130
-139.9020 147.9937 -68.3123
-107.9881 181.5988 -49.6536
-79.6371 196.1846 -91.0219
-136.5467 191.5902 -52.5854
-90.3165 176.6679 -59.5058
-78.4969 196.6535 -93.0461
-145.8346 189.0934 -45.6948
-57.0123 182.6222 -72.7392
-137.1312 191.6560 -49.1949
-140.4499 137.6423 -75.9219
-71.9046 184.8247 -85.1690
-112.3674 181.4507 -40.3675
-71.6878 193.0646 -92.1780
-143.2367 190.3149 -47.5352
-125.4693 184.8144 -33.1641
-72.4643 195.9020 -95.5638
-147.1231 190.0801 -40.2880
-140.4394 187.4202 -33.2547
-71.3371 193.7121 -103.5568
39.7804 190.2750 -98.6141
-65.6760 189.5833 -92.7062
-67.7220 196.1257 -100.5917
-61.3459 187.0095 -91.7453
-67.4386 188.4299 -108.6762
-140.4475 186.7924 -13.6749
-66.8061 188.6716 -109.5939
-62.9985 187.9641 -92.6365
-147.4998 187.8684 -29.7708
-65.9043 194.9785 -102.0915
-57.6212 190.1003 -96.0921
-62.0648 192.2917 -96.6996
-40.9590 192.5684 -103.7519
-140.4834 186.5819 -20.7001
-61.4296 187.8265 -112.7081
-57.6368 192.1469 -98.1731
-59.9156 192.8379 -97.9197
-33.4503 190.8510 -103.5700
-152.3469 186.2437 14.7093
-60.0348 188.4855 -112.4498
-58.8414 194.6290 -100.0684
-59.1475 195.1599 -103.0796
-51.1471 192.9342 -104.4766
-156.7463 185.2358 21.2843
-55.8032 189.4386 -109.8967
-46.3791 192.3522 -107.0539
-57.8086 195.3495 -102.5545
-25.4433 190.1165 -106.2512
-52.0372 187.6605 -115.7254
-35.3358 190.8720 -109.6787
-159.4174 184.1762 20.9886
-33.7396 190.6136 -110.4257
-163.4602 186.1455 23.3640
-37.2828 190.5021 -110.6951
-160.7944 184.4847 21.3993
-50.4290 189.6849 -112.9576
-37.9976 186.0812 -117.9355
-45.7081 188.9183 -113.0243
-32.8382 189.3413 -113.3647
-28.0621 189.3495 -114.5464
-29.8254 189.0221 -115.6425
-25.2726 187.9298 -120.9419
-46.0861 435.5952 -88.7501
-43.2532 435.0452 -89.6741
54.5194 463.1083 71.2696
55.0580 462.5971 71.2612
52.2735 463.8615 73.9023
55.8248 463.9347 69.3190
56.2701 464.0817 68.7468
52.6251 460.8907 76.6421
46.1899 465.8973 76.9001
55.7849 456.5502 71.1128
57.3488 463.2948 69.0010
49.8152 463.3668 78.4121
54.7880 455.4496 73.9603
58.2764 463.6531 65.8313
56.1009 466.2775 62.8285
56.0647 454.2037 71.4478
58.6634 463.2664 65.5215
53.0082 454.2735 77.6015
59.8200 458.1749 63.3940
51.8152 456.1621 78.8766
58.9368 453.4550 68.0639
44.4349 464.9491 81.7266
60.3774 459.8500 62.1428
59.3031 451.7564 71.8607
60.9618 458.4599 60.6565
51.2089 452.8500 79.9431
60.7779 462.6879 59.9057
57.3859 450.5852 77.9782
54.7939 467.7257 59.1181
58.4995 450.4968 76.9135
46.6729 453.3653 84.9012
61.9510 454.8026 59.6173
58.5382 450.2390 79.0442
46.0386 453.7354 85.2209
62.3268 455.7788 58.2792
48.3474 452.2053 83.6207
61.7495 462.2645 57.5209
62.0715 452.5412 61.9634
41.6447 455.7337 88.0088
62.9069 456.5191 56.7301
42.3735 454.3873 88.0151
48.9058 451.1159 85.7966
44.4737 452.7108 87.6656
46.9247 451.4723 87.5458
45.1178 452.1255 88.0825
48.2515 450.8687 87.4899
43.1004 453.0293 88.7585
42.3315 452.8821 89.7995
63.9599 456.3227 52.7833
33.6121 459.6018 93.5856
63.9907 455.1027 53.0221
32.0509 460.1690 94.6754
37.6798 453.6750 92.5709
64.6851 456.6354 50.3023
32.9148 457.6903 95.4189
37.4248 452.8914 93.5353
63.2893 462.7685 49.5787
30.8210 459.2172 97.0004
37.2893 452.0132 94.4488
61.2059 464.9853 48.5029
30.5290 458.8172 98.3243
64.5777 459.1840 47.0105
44.2416 450.2921 97.2800
38.2400 450.5645 95.5211
34.5762 451.0733 97.6653
42.6970 450.2454 97.3585
64.5229 459.6692 45.0440
34.2558 451.1611 98.3376
40.8618 450.0440 98.2136
64.1414 456.9598 42.2502
32.4716 453.0021 100.6682
61.6648 463.8577 45.3454
33.5027 450.8753 101.6653
63.5610 461.9179 43.4925
39.3476 449.9899 100.6584
47.4504 450.3057 105.6438
57.2651 464.8372 44.0507
28.4280 457.9307 102.3659
62.2336 462.7739 42.5615
60.0323 464.3476 42.7146
29.9862 452.2479 103.3816
62.6279 462.0634 41.7698
47.3661 450.0090 111.4079
54.1716 450.0657 111.9490
62.9453 461.2359 37.7783
57.7861 464.9559 41.1926
26.9098 451.8252 105.0042
51.0826 450.1451 119.3501
57.8052 450.3384 111.6427
61.7751 462.6381 37.4549
61.5740 462.6506 36.9769
61.5083 462.3961 36.3765
65.9346 450.1171 116.6359
56.7766 450.1404 126.9652
61.6261 450.0699 129.3591
71.6157 450.1911 123.5657
72.2071 449.9899 135.3157
74.8415 450.1951 130.1638
305.5316 6.1799 70.5385
320.3166 5.4412 89.7671
298.8920 6.2756 65.4204
283.7624 7.3901 69.2601
281.9251 7.3839 70.5955
277.5505 7.6631 73.5625
283.3463 7.4998 59.3816
265.2546 6.2757 83.5778
262.7346 5.5575 85.3159
280.7063 5.7757 27.3345
276.9235 7.5423 58.9061
265.4766 7.1498 65.5797
283.4839 6.3084 12.8133
265.9283 7.0467 32.7942
251.6105 0.6843 87.1944
270.5337 7.0012 57.3967
241.4257 5.6077 75.4944
261.9918 7.2567 28.8418
279.9171 6.8105 -1.3810
310.1022 5.6153 -32.4479
262.0711 7.3618 25.4366
271.8458 5.7258 13.5979
333.2366 7.8636 -41.6924
261.0025 6.7949 19.9608
263.5286 6.1556 18.6371
323.6339 8.1200 -50.6110
332.5230 8.9681 -53.5143
300.5638 5.9331 -44.8014
223.7763 5.0214 -54.4617
210.4210 3.8753 -55.8644
217.5442 4.9932 -68.5886
260.3384 2.7326 -122.4580
338.1783 9.9629 -101.5488
239.9665 2.7485 -118.9473
234.4773 4.4054 -117.3318
-81.0951 438.5776 -72.0558
-89.1881 433.9567 -67.4831
-84.7279 430.5875 -70.9426
-84.0748 440.1421 -68.8626
-90.9950 437.2215 -66.9790
-89.5754 435.7244 -68.2052
-76.5444 443.0621 -71.7375
-67.2654 444.5915 -77.5742
-93.4308 435.5229 -63.9487
-88.4425 442.7025 -64.9056
-70.2828 444.2942 -75.1095
-99.9005 437.6047 -57.2168
-91.7670 442.1057 -63.7459
-73.5402 445.5475 -70.9551
-78.7836 446.3887 -67.1219
-95.3281 442.6407 -61.0771
-83.9114 447.1947 -63.4187
-84.9320 447.3888 -62.3566
-87.1988 447.4158 -60.8510
-90.6042 447.2618 -58.2364
-78.5050 448.6187 -64.3339
-95.6558 444.7399 -57.2573
-98.6538 443.8257 -56.3887
-86.3265 448.7468 -59.6472
-106.6557 443.3832 -51.4278
-85.1388 449.3731 -58.8942
-78.6840 449.6087 -62.5707
-81.4284 449.6866 -60.8488
-90.5609 449.3181 -54.9915
-110.1170 443.8121 -47.8243
-92.7756 449.1540 -53.4746
-107.8507 443.8590 -48.7799
-80.9026 449.9958 -58.6177
-108.0860 444.0991 -47.9505
-85.2292 449.8777 -56.1926
-94.7018 449.0827 -51.6097
-107.3928 444.3592 -47.7564
-109.1567 444.4768 -46.1171
-113.5830 443.3649 -44.7167
-113.5597 444.0675 -44.2390
-113.4522 444.3442 -43.3338
-111.3401 445.1368 -42.7705
-108.9351 446.6890 -42.8154
-95.8961 450.0568 -46.2940
-100.8688 449.6991 -44.5280
-115.9324 443.9032 -42.0392
-113.5942 445.5941 -39.9297
-100.4220 450.0104 -42.5909
-100.8515 449.9532 -43.0901
-112.0385 447.7589 -37.6118
-107.4663 449.7149 -38.0197
-102.0401 450.1428 -36.9094
-82.5454 450.3557 -40.8150
-122.6126 442.6228 -35.4690
-116.0643 446.0553 -35.5846
-81.2592 450.2967 -39.3045
-117.5263 445.0455 -35.2896
-90.9764 450.2419 -28.6471
-110.0998 450.0900 -33.5997
-100.5820 450.0942 -27.4764
-123.5629 443.7200 -33.9653
-83.0538 450.3254 -26.9850
-108.8693 450.2492 -32.7793
-119.4018 443.5727 -35.5211
-100.0058 450.2304 -24.0315
-123.3374 443.8965 -32.5627
-105.9316 450.1598 -23.6002
-120.9715 444.6573 -32.7991
-116.0638 448.9796 -30.5565
-99.3965 450.2910 -19.8267
-125.5582 443.5888 -31.3545
-116.9785 449.0923 -28.8046
-73.4369 450.3275 -25.4824
-130.4734 442.4863 -26.5027
-123.3972 443.6808 -29.6877
-117.3289 450.0553 -23.5479
-70.9327 450.2524 -22.8090
-132.4679 442.6146 -23.4759
-127.0336 443.5381 -26.5454
-121.3641 448.1869 -25.1814
-122.0624 449.8642 -17.6472
-118.4611 449.9405 -12.4064
-124.7811 447.1931 -21.9377
-121.6573 449.6372 -20.6585
-118.9197 449.9910 -9.6126
-136.5173 443.7656 -15.7070
-127.7657 444.9853 -21.2179
-132.0798 443.8427 -18.3390
-129.0888 445.3179 -18.6680
-125.3984 449.6880 -13.3165
-127.1501 448.8981 -14.1333
-131.1965 445.3019 -16.3671
-131.9074 445.6561 -14.7023
-128.4141 449.7591 -8.0482
-128.9991 449.6889 -8.0849
-128.1379 449.7465 -4.4971
-130.8569 448.5625 -10.0277
-131.4183 448.3304 -9.9288
-132.4295 449.2026 -4.6655
-282.4935 -6.6125 243.5761
-278.6336 -7.4661 243.0093
-294.3481 1.8886 244.8720
-275.3378 0.6259 260.9710
-293.0311 -3.5354 210.6222
-298.2690 -3.1856 208.1776
-266.3331 0.0767 198.4519
-314.6233 1.0203 209.0935
-263.0374 1.1842 230.5797
-272.3770 1.4154 185.8960
-260.9591 0.3947 214.9589
-263.6786 -0.5783 222.5819
-254.6701 0.2320 203.2412
-261.1429 0.3408 224.1251
-280.0529 1.2821 168.2957
-235.2738 1.1305 247.4556
-252.1274 -0.0812 201.7877
-234.6247 3.3007 281.2988
-321.6433 0.1316 163.0417
-261.9274 4.0956 174.8759
-254.8146 0.4162 226.1044
-253.6971 2.3424 215.3391
-284.9551 0.0802 157.5539
-249.8494 -0.7713 226.5826
-243.5010 -0.2033 201.5636
-195.5089 3.4475 338.1879
-285.5375 -0.2306 150.4424
-244.6366 0.0337 204.6638
-214.9291 1.3295 313.9460
-246.8908 -0.6579 221.3793
-242.0360 -1.9904 198.1222
-208.4151 0.1441 317.0621
-214.1791 -0.0591 307.8296
-247.7285 0.8614 216.3908
-262.2839 -1.0848 150.5228
-214.7149 0.7842 310.2267
-235.3304 1.7909 196.7781
-198.5616 -0.8469 318.9161
-241.3926 -1.2358 216.0679
-232.7320 -0.4783 189.4300
-256.9284 -1.4052 126.6564
-212.0481 0.0145 291.0492
-241.7649 -0.3325 210.4191
-233.6917 3.5949 166.0606
-189.7694 -1.7208 319.9716
-228.3376 3.8955 203.5892
-241.6193 2.9712 154.5067
-185.7514 -2.2866 324.8384
-336.5051 -0.5505 84.3720
-232.6078 4.0387 162.2302
-202.9611 -2.2631 289.3010
-224.5430 0.6120 185.7457
-183.4385 -3.2839 321.7067
-227.7018 4.2181 199.0960
-179.4108 -3.2535 330.5357
-233.6213 4.2286 154.2792
-334.3859 0.5511 50.3219
-192.6137 0.9118 271.5277
-218.7982 2.4419 184.5139
-213.0117 2.3826 174.2671
-212.4423 2.7202 183.7059
333.7820 7.2533 81.3829
331.4099 7.3445 80.8832
333.4151 6.4998 51.1484
352.1948 4.8020 101.6391
343.4493 4.9169 119.7505
331.6655 5.6981 131.1570
342.4816 5.1054 133.9526
374.4120 6.6856 90.4455
345.7072 5.0601 142.3713
368.4519 5.3434 132.0155
347.5496 10.2659 -61.1075
342.2441 10.5345 -64.6300
-178.3234 -3.2718 -79.5642
-214.6148 -0.4082 -81.8389
-198.4439 0.1212 -108.7435
-148.0206 -4.5642 -107.3766
-151.1232 -6.0161 -108.6030
-219.4252 -0.7538 -84.6283
-130.7976 3.9883 -106.5672
-217.8256 4.2313 -101.1486
-244.5239 4.7263 -39.3364
-114.3491 5.7421 -103.2966
-216.7296 3.3759 -111.8029
-122.3638 4.8815 -108.8773
-206.2594 -0.1018 4.1458
-263.7033 1.5017 -59.1894
-76.9040 7.3867 -124.2129
-99.5213 6.5863 -118.0011
-222.2249 2.8525 -108.5345
-223.0000 3.0135 -107.0421
-266.0702 3.2028 -25.0920
-265.1361 3.2820 -18.0874
-14.4760 6.0592 -142.4912
-270.8849 2.4751 -27.5432
-276.7589 2.8785 -31.4919
-275.7577 2.7205 -26.6981
-10.9695 6.5930 -152.3312
131.5038 3.7062 -208.0522
126.4564 4.2850 -201.4790
151.1223 8.4987 -204.9722
129.0982 5.4333 -190.6753
172.4818 8.0218 -196.8687
134.1634 4.6341 -179.2349
81.6798 8.1694 -193.7442
107.1270 1.0465 -155.4444
69.4483 6.8002 -193.6341
133.6031 14.3850 -101.8654
1.4373 4.9029 -140.6197
-8.1702 5.8908 -146.1471
-4.5543 4.8686 -152.4090
-7.0580 5.7346 -156.2839
-178.0387 -2.2444 335.9905
-190.3738 3.0946 335.3411
-171.0657 -8.0715 391.8400
-211.7524 -1.1184 408.9628
-122.9085 -12.8634 424.4238
-163.7029 -8.1569 424.5121
-222.6998 12.8323 439.7874
-181.3354 -5.3847 434.5878
-119.0465 -7.1034 455.0629
-193.7323 -5.3472 433.5448
-100.0471 -2.0044 471.9137
-52.7705 -9.6795 478.3310
-198.3633 16.9789 499.9692
-101.5704 0.5897 480.3057
-108.8963 4.9117 484.8223
-140.9561 1.4083 486.6353
-150.5045 12.5446 505.4474
-92.2799 -0.9859 497.0548
-129.1854 10.8586 491.1463
-119.1476 18.8694 493.5621
-127.9866 19.7971 497.6881
-24.7741 449.9661 21.9079
-31.5051 450.1708 27.2499
-25.1022 450.2529 28.1242
-19.3072 450.1152 30.1758
-38.6653 450.2372 16.7633
-17.5230 449.9600 18.9881
-14.9654 450.6483 24.6527
-15.1784 450.6201 30.4521
-14.0136 451.3100 28.6289
-12.2066 452.3697 29.3467
-13.8881 454.8901 21.9343
-13.1035 450.2127 15.2019
-14.2551 459.5302 19.4332
-15.0419 462.4414 18.8611
-15.7356 466.4996 23.2505
-13.4292 464.2491 15.7199
-14.5311 466.0999 17.3840
-14.9959 469.6640 21.7288
-14.0403 465.8037 16.0170
-16.8045 466.7969 26.5116
-15.5883 471.0777 24.2921
-16.2764 466.8503 27.7865
-15.8451 472.9993 23.2407
-15.2054 472.5004 28.1368
-14.6431 467.4853 29.7259
-14.4862 474.0549 29.5575
-13.9426 467.7978 30.4323
-16.7351 476.8706 24.7186
-13.3601 473.0026 31.5380
-11.8674 477.2797 16.8244
-12.9959 479.1371 19.0143
-15.1505 481.1043 22.0793
-13.6939 480.6126 20.5594
-11.9102 479.3758 17.6285
-16.6511 480.7428 23.9202
-15.4375 482.8720 24.1662
-15.1888 482.5415 25.6125
-15.2011 483.0709 24.9457
-13.8416 483.6060 26.6811
-14.6533 484.0225 24.8046
-14.2228 484.7715 24.2400
-14.2095 484.9615 23.9598
-13.5747 485.2443 24.2100
-11.8109 486.2269 25.5536
-12.4329 485.9242 24.3169
-11.0515 486.9718 25.7925
-7.0064 484.7677 18.5527
-9.3788 488.2055 22.8569
-9.9666 487.9813 23.4857
-6.3754 487.3272 19.6453
-9.0435 487.3925 31.3403
-7.3078 491.6238 29.2885
-7.3807 492.9359 25.3267
-7.4389 492.7277 21.3468
-7.2745 493.5199 21.9443
-5.6889 492.4376 19.7350
-6.4260 494.8918 23.1062
-6.9061 493.8729 20.5986
-4.2310 497.3201 22.8730
-4.9300 494.7695 19.5993
-0.4478 499.6182 25.5636
-4.2702 497.1266 20.6469
-3.0567 495.9443 19.3543
1.6266 499.8939 30.0510
2.8621 501.8093 29.2846
2.4259 501.9861 23.9233
3.9867 503.6062 25.1108
5.5971 504.8782 29.4978
2.2320 499.4118 19.8260
3.8329 503.0280 19.7218
3.3662 500.0225 19.1843
4.4262 503.6488 18.9772
8.2489 507.8926 30.6493
4.6671 500.6038 18.4488
8.2862 509.2787 28.3053
6.8337 507.5395 18.7771
9.3243 511.2014 27.8398
8.9413 511.5434 25.1448
7.7890 509.3742 19.2434
7.1017 508.7761 17.2299
7.7962 512.6551 17.7456
7.6873 509.8857 16.8830
8.3392 511.1787 16.5860
134.8214 189.0473 -51.8296
163.7087 198.7991 -31.5904
158.1434 198.9408 -42.5053
164.4483 200.0839 -33.6640
132.2159 189.5739 -58.1381
130.9033 188.7490 -60.2002
157.8857 182.7349 -53.1442
164.8520 192.3195 -40.9166
163.0613 189.9914 -44.6776
171.7343 192.3447 -29.6468
127.7147 187.5479 -58.7116
136.1593 185.7139 -66.4952
162.5357 158.6004 -61.4413
136.7018 179.9039 -68.9038
161.6509 150.8984 -65.9810
130.8110 177.2986 -74.7815
156.0609 157.5073 -63.1910
158.7777 148.7802 -68.2343
155.6258 153.1031 -66.4350
111.3929 188.4688 -77.0738
112.3841 189.4012 -78.9472
120.2297 148.2125 -92.2936
115.2022 146.2489 -95.4175
73.0347 184.0753 -109.6063
93.5104 193.1715 -95.3315
90.4633 193.3638 -96.6437
93.3084 192.5106 -91.9173
91.3774 192.3719 -92.7351
74.5850 189.4424 -93.1661
77.3311 195.0769 -100.4209
-32.8779 449.8172 -25.3225
-36.2048 450.1472 -29.3006
-35.3966 450.3040 -30.7789
-33.2818 450.2265 -20.5072
-31.3998 450.2667 -20.2650
-41.8572 450.2303 -25.7392
-37.7461 450.1008 -16.6594
-39.1033 450.1614 -33.7062
-25.2726 450.1872 -28.3274
-28.3503 450.2246 -18.8240
-28.1791 450.2383 -17.1074
-41.0563 450.0471 -14.3521
-25.8424 450.0299 -20.7236
-26.4074 450.2546 -17.0972
-41.6028 449.9139 -13.0403
-22.4893 450.2195 -21.2470
-25.3127 450.1516 -13.5621
-45.7683 449.8453 -14.2586
-20.2864 449.9449 -23.4605
-22.9726 450.2376 -13.0290
-54.5600 450.3418 -29.0610
-14.3115 450.3145 -23.7141
-46.9855 449.8503 -14.4679
-51.2855 450.1590 -19.1982
-19.6082 450.3486 -13.7667
-41.9333 450.0794 -7.9606
-32.7505 450.2057 -4.3518
-48.6982 450.1444 -11.8269
-52.4549 450.2974 -17.3662
-17.2584 450.5085 -10.7436
-60.3533 450.4455 -27.7497
-20.4519 450.3168 -2.1858
-53.1868 450.2518 -12.9047
-64.3518 450.4386 -27.7219
-26.6628 450.1365 4.4328
-42.5812 449.9206 -0.4553
-41.1748 449.9440 1.1374
-25.1394 450.1727 6.1581
-11.2756 450.5178 -8.3730
-42.1685 450.0117 3.6149
-24.3095 450.0232 8.5606
-25.7795 450.1073 10.1640
-25.7388 450.0852 11.7618
-26.2827 450.0285 15.3328
-17.2136 450.0614 11.1070
-8.6076 450.3759 2.1279
-6.5846 450.4170 0.2363
-15.0436 449.9924 14.4201
-16.9538 450.0708 16.7798
-3.1950 450.1734 2.9014
-14.3123 450.0530 15.2757
-2.6463 450.0771 9.8762
-0.3046 450.1009 9.2451
7.1611 450.1715 -0.0889
-0.2872 450.2599 9.9252
2.2068 450.1309 8.5347
5.4876 450.2606 6.0775
11.6992 450.3481 -4.9356
8.7613 450.3667 3.4205
3.3916 450.6214 9.9160
0.1578 454.0028 12.2777
5.3551 450.6691 9.6118
17.1602 450.1229 2.0477
8.3457 450.4701 8.4971
6.2200 450.8346 9.8117
22.1729 450.0362 5.9984
17.9008 450.1680 8.6490
25.0987 450.3604 8.9766
14.4852 450.8437 11.2835
154.2454 450.0276 99.6879
156.4601 449.0994 100.1430
154.8530 449.5885 105.9995
153.0546 450.1624 95.2053
159.6257 448.1067 103.5670
155.3078 449.9179 94.4832
158.3747 448.7282 107.3908
156.5703 449.4721 95.2302
148.2971 450.6671 94.0531
159.0403 448.6264 107.3872
151.7166 450.2081 111.8631
156.4788 449.5307 93.0544
161.6047 447.7220 93.9514
149.0778 450.3810 90.9303
156.8383 449.4671 91.4589
151.7600 449.9230 114.3025
163.1209 446.2625 98.0478
149.2069 450.2955 89.0461
155.4477 450.0327 88.0813
162.5511 447.6118 89.1590
162.2454 447.6765 87.4621
163.2099 447.4760 88.8495
163.8081 447.4095 87.8911
158.2196 449.6054 83.4987
160.8121 448.3187 81.8324
156.2535 450.1905 81.8172
162.6513 447.2167 81.5994
161.3469 448.1426 78.4830
159.9913 448.9478 77.8131
161.0955 448.2850 76.5996
157.4156 450.1121 75.2511
151.3719 450.3569 71.3484
152.8083 450.2977 68.2567
161.2864 448.2518 72.6985
137.6618 450.3157 73.7598
136.9804 450.0239 80.7657
136.0816 449.9711 79.9510
158.6502 449.8276 70.8461
161.6483 447.8558 66.0379
134.5479 450.0882 80.8433
148.0605 450.2653 63.1269
162.9424 446.9279 64.0220
131.4721 450.1904 81.1710
166.0530 444.1988 67.3819
135.0031 450.2649 84.5010
149.9780 450.3399 57.2474
137.0922 450.1185 64.3040
147.1902 450.4965 57.2024
164.4113 445.9638 61.9884
138.0779 450.3321 59.3402
163.4994 446.4328 60.6931
141.0017 450.3751 56.9653
127.1390 450.2353 63.1195
157.5234 449.9995 57.0002
124.3150 450.3923 76.4214
167.5691 443.8094 63.6977
142.0836 450.6325 53.2314
164.8173 445.7623 58.8880
158.2454 449.8207 57.8851
163.9525 446.0157 57.5730
157.8251 449.8385 54.4900
126.3556 450.1450 57.3643
156.6381 450.0549 50.5294
163.8842 445.9386 55.5840
158.8563 449.0502 52.1982
119.9196 450.4659 62.0783
146.6889 450.4814 47.7689
120.1726 450.1387 67.5994
153.2630 450.3683 46.4175
128.2741 450.3743 54.7519
159.6663 448.3808 48.5611
115.7474 450.3240 67.9079
157.8264 449.6122 47.5330
145.4794 450.5050 43.8192
117.0169 450.2515 65.2975
136.3114 450.2854 47.8401
152.4999 450.7352 41.7421
113.0034 450.3855 68.9612
135.1963 450.4388 46.8146
139.1831 450.3738 39.9643
145.8626 450.8137 36.6364
108.5641 450.3377 71.1543
147.7562 450.7292 33.5758
142.9229 450.6707 33.0366
147.3864 450.8520 28.1535
45.3328 445.0874 220.5135
48.1825 445.2650 219.4811
43.3184 446.6095 219.8777
43.2431 447.1774 219.2813
41.4721 446.6830 220.1576
47.0532 447.5676 217.2763
40.1468 440.8329 224.3018
44.5544 448.5053 216.2340
51.9073 437.1403 222.8674
45.8169 448.5075 215.6883
50.4870 436.9243 225.1890
50.5742 447.1798 216.8438
56.4044 445.2573 217.5269
42.4288 448.8736 215.7642
42.1549 438.2244 227.3031
44.1027 438.5876 227.2384
39.8509 437.7093 227.8382
46.6710 449.0504 213.4396
38.7384 437.8738 227.2176
35.0528 447.0758 222.8297
55.5477 447.8637 215.1249
33.3781 447.0580 222.6012
34.3511 447.0222 223.0871
57.6488 447.5691 214.9549
28.9674 444.8609 223.7343
32.5857 449.2002 217.0049
68.3927 443.1759 214.2226
30.7002 435.8342 228.9254
66.3229 445.5325 213.4445
34.3316 435.8296 229.4920
29.1900 434.5566 229.9931
59.3161 448.4214 211.0814
21.3223 441.1362 226.0299
19.9243 443.0601 225.3474
21.1319 435.1052 228.9445
18.9236 435.5932 228.3922
22.1269 433.8400 230.2780
24.0986 433.4641 231.4060
14.9864 445.4482 224.9502
15.5600 434.0136 229.9869
17.1799 433.1205 230.8780
12.1849 445.8117 225.1373
5.8522 443.4102 226.9165
4.2593 442.2033 227.7325
7.9349 446.1751 225.3853
7.0381 446.5102 225.2830
8.7476 434.5531 231.2523
1.8170 438.6509 230.1711
1.6029 444.4980 226.7054
4.3031 447.4207 224.2054
2.4888 447.3581 224.1752
-1.9540 444.0314 227.0014
-1.8995 438.0931 230.2140
-0.9990 436.7781 232.4688
-0.9344 437.0077 232.8487
-2.8762 447.8671 223.6564
-4.0858 447.6601 224.0100
-5.0206 436.7450 231.2127
-10.6845 439.6954 229.7725
-10.8179 439.1198 230.5761
-11.8050 439.6397 229.9267
-6.6801 437.1223 231.6446
-13.6606 439.9211 229.2352
-16.4851 439.4996 229.6420
-18.6763 441.6055 227.5338
-16.8845 447.7085 222.3738
-20.2589 438.4597 229.5665
-22.2834 445.7904 223.2857
-25.2735 444.5577 223.4935
-25.6187 447.5995 220.5282
-31.7504 441.5835 223.1762
-33.7249 440.0705 223.2218
-31.5095 436.9029 226.6748
-34.9690 445.0603 220.6011
-37.1863 437.9394 223.9570
-32.4222 437.1246 227.5579
-43.2609 441.4702 220.4011
-41.1110 438.4988 222.4250
-45.1261 443.0232 219.0045
-43.9186 438.2244 221.9871
-43.2604 436.9617 223.1660
-42.7899 436.4673 224.0988
-46.7976 444.7364 217.2812
-49.3379 442.3376 217.9905
-47.9199 446.0846 215.7156
-46.7432 435.3216 223.0918
-49.8637 445.9452 214.9778
-48.6765 446.9522 214.4304
-53.9081 443.3376 215.3085
-54.4734 444.9191 214.2600
-51.5075 447.4408 212.5210
-56.0193 444.7799 213.7330
-49.3603 449.1375 207.8843
-48.1640 449.3613 205.9403
-50.6549 449.3560 206.4249
-53.2565 448.7366 209.2499
-60.9026 444.6034 211.7983
-43.5799 450.0900 200.1524
-47.8061 450.1543 198.9398
-44.0381 450.0762 198.5646
-44.0308 449.6762 194.1991
-180.9777 4.5601 -216.1838
-191.0978 3.9202 -221.4810
-178.8699 3.4469 -231.1409
-197.7085 3.8287 -210.9537
-157.4305 4.8652 -210.3510
-138.3256 5.4729 -230.2831
-201.3806 3.7277 -231.3717
-184.0034 4.7071 -235.6609
-133.7604 6.2031 -232.1970
-190.3469 4.4613 -241.3937
-207.3163 -1.2808 -287.6283
-124.9481 5.6597 -233.2830
-236.4953 4.2132 -252.0932
-231.5585 -0.9565 -294.5694
-207.0521 -6.5767 -305.6264
-213.4520 -7.3215 -304.6258
-274.3095 9.3951 -225.5891
-292.9054 6.4154 -236.2244
-296.9328 5.4680 -237.9688
-177.9624 -0.5059 -159.1378
-162.9499 3.0298 -157.6449
-164.0145 -0.3815 -148.6143
-156.7930 2.2977 -158.7906
-164.9631 -0.3163 -143.8615
-181.7402 -6.4173 -153.5566
-185.6198 3.4069 -189.2870
-150.6777 1.3868 -160.2435
-173.4014 -3.3056 -139.3554
-194.6290 3.7916 -186.1596
-189.0424 -8.1096 -142.4642
-191.9224 3.4408 -171.5922
-146.7378 3.0140 -144.9123
-196.3147 4.5131 -167.8666
-149.2108 3.6896 -143.6546
-197.7128 5.1436 -170.7143
-140.3595 -0.2915 -159.8353
-199.1980 4.7246 -180.0461
-166.3308 0.1878 -133.5059
-151.5593 5.7464 -135.2036
-208.7200 4.0072 -163.6958
-132.4643 0.8888 -141.4480
-210.4723 3.5426 -161.6619
-128.5044 -1.8917 -144.1666
-214.6605 2.9948 -155.3436
-142.7467 7.5835 -132.0142
-105.6763 0.9377 -198.2141
-162.5827 2.0730 -118.4465
-98.6237 -4.2436 -179.9437
-127.0833 1.2417 -134.9179
-104.7068 -3.8681 -169.0535
-113.2833 -2.4584 -155.8051
-133.5664 9.1423 -128.8156
-86.7009 -3.3497 -185.8059
-111.6007 -2.8868 -153.4072
-121.0469 1.8272 -129.7914
-84.2150 -3.6463 -178.8643
-76.6724 1.0704 -191.3025
-74.9176 1.5967 -196.2584
-70.6031 1.3818 -183.8358
-68.4176 2.0164 -175.9231
-59.0266 3.8726 -173.5544
-54.1566 3.0634 -167.4882
-25.6416 0.9466 -157.7742
304.3907 6.1030 -197.5122
270.7261 3.7405 -144.7030
313.5837 7.4809 -183.9217
357.2174 10.1675 -63.5047
-202.7188 3.5096 -201.7221
-208.9378 5.0452 -195.7173
-213.4491 5.2046 -202.2763
-214.1672 5.9179 -210.6397
-212.8401 4.8894 -193.3203
-216.3513 4.5531 -216.5956
-220.3754 3.7863 -219.8027
-213.7333 3.6051 -185.2715
-219.5627 2.9321 -187.5770
-218.5351 2.5501 -181.4278
-217.9132 2.3122 -172.8050
-245.1606 2.8288 -192.8707
-277.6065 9.5490 -207.8547
-221.5291 1.8458 -162.0214
-231.5456 1.5100 -165.2645
-249.0385 3.0374 -189.8820
-234.1456 0.5464 -187.7302
-262.6042 3.8754 -182.3143
-245.4998 1.9996 -179.4006
-294.8453 14.3363 -182.8184
-306.2866 15.5937 -181.3417
-263.5742 9.8107 -158.6466
-248.2456 8.5834 -125.8753
-224.0854 6.9370 -125.6105
-223.4729 6.7227 -123.6881
-305.6831 7.7907 -130.5531
-303.6008 4.0358 -119.8114
-37.2141 449.9360 85.0846
-37.6042 449.8037 91.3582
-38.8276 450.1376 87.8446
-38.2153 449.7765 92.7295
-29.2724 449.7420 94.0955
-40.9655 450.2182 89.4399
-30.2982 449.8059 95.6495
-36.5329 449.8302 97.7764
-28.3636 449.8361 98.2028
-45.5246 449.7996 79.9760
-45.6365 450.0923 89.4239
-32.0477 449.8610 100.9246
-46.9840 449.9313 86.7964
-21.2719 449.7868 99.1049
-36.7128 449.9063 100.8208
-27.2624 449.7288 106.9709
-50.4819 449.7873 90.5640
-49.2558 450.0948 98.1376
-18.0311 449.9336 107.6679
-29.0376 449.7969 109.0114
-51.4143 450.0934 95.6057
-29.0239 449.8046 110.5341
-16.5362 450.0368 98.7837
-52.6265 449.8921 102.6464
-24.8946 449.7979 114.8098
-30.1006 449.7669 111.9213
-6.5947 449.7960 107.3836
-13.1007 449.9919 100.5906
-15.3091 449.8654 116.1884
-30.4195 449.6673 115.9593
-5.4986 450.2046 102.7256
-38.2583 449.8217 117.2056
-25.6606 449.6661 121.0531
-0.1681 449.8799 109.6524
-4.2835 450.5534 102.2250
-27.7072 449.7056 121.7265
-2.8943 449.6862 121.5758
-12.8278 449.5530 121.8560
-9.6934 449.7031 125.0447
-13.0594 449.5224 122.4391
-13.5096 449.6238 130.8461
2.0032 449.8707 127.2221
7.0811 449.9565 122.4264
-4.8703 449.5443 126.4463
10.9867 449.8239 116.9842
11.9749 449.7733 108.3304
-19.9887 449.5336 135.8343
1.8266 449.7907 131.1620
-20.2452 449.5566 137.7393
5.9377 450.0816 129.2043
-6.3935 449.8358 133.9820
-2.0076 449.5265 131.1986
8.9148 450.7456 103.6013
13.7584 449.7735 126.7598
16.8249 449.5405 109.5157
18.7171 449.8293 119.4741
9.5282 451.0230 103.0294
3.8637 449.5669 137.7402
-4.7973 449.6402 137.2570
-3.3734 449.7822 133.6924
18.7680 449.5521 108.7424
20.3876 449.6060 109.5780
20.1505 449.6048 108.3978
-12.9552 449.3628 147.4260
17.3366 451.9635 102.5745
0.1588 497.1927 33.1789
3.0786 498.9499 34.9725
-0.7048 495.0332 34.2053
4.0559 499.9701 34.9248
4.8235 501.3163 34.3169
-2.9928 492.7237 34.0152
-4.3229 493.6535 30.9213
6.0655 496.9766 37.1795
6.4984 500.0606 36.1245
-5.5496 491.3188 32.3309
2.7678 492.3359 38.1556
7.6347 500.3664 36.1799
-6.5170 490.9134 31.8643
-0.6784 489.6535 37.8627
7.7451 499.9880 36.4119
7.0478 494.5446 36.9631
9.5700 502.3398 35.3391
9.3893 499.7141 36.1270
2.7425 487.8475 37.7739
10.6747 499.7914 35.4246
-5.7589 488.7745 34.7441
0.5534 485.6262 37.8139
-1.5899 486.2348 38.2297
12.4953 506.9722 33.4008
-4.2032 486.7451 37.7111
-4.4912 486.8751 37.5346
-4.1154 485.6132 38.0507
-1.8922 483.3623 37.7310
13.7491 509.8677 32.4889
-6.4596 484.9732 36.6781
-1.1809 479.6123 36.0328
14.7931 511.8498 31.2877
-8.3450 482.3942 36.3618
-6.8347 483.8158 37.5697
-2.7480 473.9794 34.2022
11.6359 515.4374 29.1515
-10.4999 479.4032 34.5892
-4.7580 474.1172 35.1363
-5.6549 474.8524 35.6274
9.3958 517.0605 27.0126
-10.8185 477.9137 34.9818
-4.3885 468.2362 33.8581
-10.7726 476.4653 35.4264
8.8411 520.1216 27.1699
11.8578 519.4719 28.8421
9.3682 521.2470 28.2733
-12.2380 474.8037 32.8906
11.1167 521.5759 28.7749
-0.2163 465.5805 32.9542
-12.2808 470.4580 32.3839
8.8883 523.8495 27.3529
6.7961 525.4899 26.8425
11.1872 523.4380 28.1163
-12.7826 463.3247 30.4037
5.5935 526.7685 27.0289
1.9963 462.6915 32.6412
-13.5794 462.4943 30.0878
8.7007 526.7811 26.7922
0.3456 457.3107 33.0563
10.0973 526.3443 26.7700
1.6485 528.5460 26.9270
4.3499 530.6687 27.2102
-0.4751 454.5684 33.5216
-6.9919 452.6498 33.4451
-0.1297 528.0039 26.5071
-0.6177 529.6310 26.8753
3.3507 531.6031 26.9186
1.5783 531.9986 27.0400
-0.2337 451.3487 35.8702
-1.5020 532.4780 26.0986
0.4386 532.5945 26.7239
-2.7274 531.6545 25.6803
-1.0137 471.5302 81.3241
-1.6364 471.7338 82.0613
0.9806 470.8390 80.7322
1.4278 471.5794 82.2771
2.0408 470.2986 80.7951
-1.5051 472.0372 84.8381
-8.2176 472.1143 78.9495
0.6873 468.2005 76.4831
-0.5851 472.0306 86.0030
-8.6330 471.7348 76.1901
2.6695 467.3926 77.7187
-8.8555 472.4372 85.3731
3.3065 466.6791 77.4612
-9.3889 472.6818 86.8013
0.4237 466.3109 72.8789
-5.9059 472.1024 87.7918
-10.5812 472.2395 73.0230
-5.2078 471.8763 88.8964
1.3988 465.0869 72.9051
-8.6502 472.5148 88.5911
2.0275 464.6862 73.6951
-2.4207 466.7088 67.0045
-4.0504 471.3626 91.0733
-8.7767 470.2661 65.7055
-14.2901 470.7412 77.4889
6.3379 471.7962 87.4232
-12.2845 473.2293 71.5730
-9.9978 472.4962 89.5392
9.0706 470.1119 83.2644
-15.8016 469.8556 78.3052
5.3615 471.3621 91.5782
-14.0979 472.7706 74.0014
-16.1766 469.9519 77.3435
0.3248 470.4952 94.3007
-0.8081 465.3167 66.2678
-12.6039 472.3926 88.9941
0.9214 469.7447 96.2105
-1.2593 464.6981 65.2223
-5.2165 469.9137 93.9130
10.5078 471.2695 85.7231
-12.8198 472.1689 89.2738
0.4904 469.2678 96.9553
-16.7612 472.1967 73.8971
5.2311 469.6245 98.4193
-18.9831 468.4573 76.8277
6.9625 469.3229 98.5689
-16.6631 472.9813 72.6726
3.4107 469.0605 101.1916
-17.6837 467.4985 82.2149
12.8898 470.4285 91.4452
-13.7624 470.1400 90.2612
-21.3681 465.0950 78.8135
16.8238 471.1218 87.2953
16.9885 470.5457 83.1321
13.6159 468.5631 96.1627
-22.2557 464.3775 78.8661
18.9104 470.8535 88.6601
19.1917 471.3562 84.8138
14.1768 466.6189 98.9110
16.5664 468.5527 95.0091
-22.7854 462.4181 80.7407
-22.4933 461.7541 81.2693
19.0311 468.8436 93.8993
18.5865 468.6378 94.3464
23.1821 471.3012 81.9621
22.2954 471.7923 82.8516
17.8951 464.7479 98.9496
22.1579 465.9159 95.5982
20.3940 464.5391 97.8676
25.6613 470.7081 86.2007
28.0078 470.3521 86.1952
29.0820 468.7698 88.8132
27.9508 470.7424 79.1465
23.3080 462.3789 99.2528
26.3730 462.6991 97.2883
29.3583 470.7748 78.8170
21.3718 462.0470 99.8584
29.4433 463.3240 94.5837
30.5080 470.7376 78.1197
33.1645 466.6273 89.0138
30.4405 470.8539 78.9369
33.4306 469.7056 84.4212
29.3884 460.0462 98.0600
32.3916 462.9487 92.9630
31.7430 469.8294 74.5190
36.4863 466.7220 86.8668
28.4370 460.2386 100.4488
32.5406 469.7847 74.1373
32.3528 468.9746 73.2823
38.6095 468.2574 82.1524
37.9930 463.2664 88.6662
28.6338 458.9880 102.0659
37.4853 470.0775 77.7853
40.0001 464.1204 86.7078
40.6737 462.3727 86.8870
42.5631 465.3081 83.2713
38.5246 470.2677 75.4891
41.1190 468.9162 77.1803
41.4715 469.2875 75.2751
46.1899 465.8973 76.9001
47.2913 465.8548 75.2653
42.6481 469.9237 69.1299
44.6772 469.8910 69.9250
51.9710 464.6572 70.8785
51.2404 467.3168 68.1532
53.2590 465.6741 68.1500
51.4532 468.5909 65.1429
51.6656 468.7070 63.8983
240.6486 9.3031 164.6524
233.5119 8.8440 172.7956
248.4741 7.5479 164.9007
246.4672 5.6695 141.1226
251.7793 5.5649 161.1462
250.3297 7.4368 162.8686
210.0113 3.2073 195.0528
211.9881 1.9410 198.6506
-2.9383 441.0308 -95.0153
-4.4251 443.3595 -93.0068
-7.8654 442.9179 -93.7223
-10.3235 443.6161 -93.2227
8.5823 439.0321 -94.5416
12.9609 441.3887 -94.0759
17.9499 440.4995 -94.3367
5.5128 3.7106 -180.8126
-0.3710 4.7801 -179.5591
1.4053 4.9734 -173.0303
13.0955 4.3393 -178.1171
12.5746 5.8534 -190.8425
-2.1231 6.1263 -171.6054
2.8165 4.6234 -161.0477
-3.4936 5.9205 -169.8934
9.6101 6.3997 -200.3857
17.8679 6.5987 -172.9349
-1.5735 5.6741 -165.6746
22.3710 6.3770 -173.3937
-1.0348 4.9313 -159.4020
3.4750 5.7356 -198.0955
28.0560 7.5553 -171.3590
26.6398 7.1533 -165.6687
53.3684 8.0286 -175.6762
57.6062 7.5803 -179.5598
32.9485 8.0763 -164.7426
63.2136 6.4903 -169.2742
-15.4585 3.9770 -165.3009
-15.1785 4.5630 -155.3629
-12.3386 460.5194 56.1517
-10.6291 461.9186 57.1289
-11.1612 465.5443 56.7942
-10.3831 465.3915 57.6979
-15.7437 457.2412 55.5348
-9.9820 466.3593 58.5326
-9.9568 458.5201 56.9190
-12.1437 454.6095 55.9916
-10.5751 454.6541 56.1447
-6.1459 462.2867 59.1431
-10.0597 453.7951 56.0224
-7.0334 465.6238 60.8070
-9.7589 468.4116 60.8249
-6.9606 455.8872 56.9585
-9.9449 452.6135 55.4012
-5.3883 466.3786 62.9934
-6.0125 454.7526 57.2392
-4.6771 456.2909 57.7414
-3.7377 463.8441 61.6010
-6.6223 451.8859 56.0925
-3.7057 457.5929 58.3152
-12.3197 470.1206 63.3676
-4.9801 453.0478 57.9565
-5.6938 450.6716 54.9899
-1.7492 462.3916 62.3679
-4.6741 451.2148 57.7773
-4.5724 450.4536 55.4572
-0.3887 457.9903 64.9829
-11.7310 472.7808 67.6846
-3.0427 450.3124 55.5155
-12.9924 471.6404 65.2472
-3.1251 450.6131 57.0498
-0.8264 453.5564 62.8749
-14.5189 472.0592 65.4408
0.4706 450.2287 56.8610
-1.4701 450.4823 57.0070
-0.7910 450.8759 58.8908
0.2097 450.6938 59.5511
-0.0799 451.0918 63.2794
0.8576 451.6484 67.4610
1.7995 463.1591 72.1470
7.1265 450.0916 57.8903
1.4708 451.5629 70.5760
2.5775 454.6421 74.9179
2.3382 450.5173 66.5285
2.6598 450.8563 70.9892
3.0598 450.3472 67.5297
11.0864 449.9771 64.3153
3.7895 450.4234 70.7349
5.5499 450.0487 67.0206
11.2875 449.5506 55.7831
3.5504 452.0095 77.0972
14.9401 449.9443 61.3663
12.5192 449.5443 54.9275
5.5850 455.8051 77.6848
10.1381 450.1694 72.4204
16.6889 450.1301 66.5183
9.2772 450.3456 74.4158
15.8241 450.1987 68.8115
17.5886 449.8091 53.6628
22.7967 449.9100 61.5476
26.2813 450.0512 57.5041
23.6859 450.3345 52.3113
-29.4933 449.9163 42.4311
-27.3472 450.1108 43.9092
-25.6317 450.3514 42.3287
-35.9528 449.9940 42.4294
-37.9834 449.9646 43.0653
-38.8192 450.1980 38.6163
-24.7142 450.4037 39.2071
-21.3568 450.3793 38.5539
-31.2488 450.3532 49.7485
-41.4322 450.0203 43.6188
-31.8958 450.3070 49.9856
-41.8261 450.1075 37.3071
-17.4533 450.2042 36.5474
-45.5880 450.0269 40.3989
-13.6821 450.1621 45.5724
-36.8947 449.9448 49.5526
-10.5721 450.0916 45.0694
-44.6293 449.7805 43.5022
-40.3460 450.2107 50.0994
-34.9006 449.8625 52.7862
-46.1100 449.9044 44.0457
-5.3223 450.2372 44.0384
-30.9293 449.9731 55.7629
-10.5356 450.9278 35.3778
-11.2053 450.1937 50.4748
-40.6899 450.3394 51.5792
-4.6810 450.2984 47.9075
-50.0635 450.1404 48.8727
-5.9973 450.5227 38.4883
-1.0139 450.2779 45.7825
-51.0353 449.9353 44.7767
-0.1251 450.1284 48.4314
-52.2769 449.9671 46.8819
-48.5944 449.9844 55.3376
2.8595 449.9881 41.4674
-44.7244 450.0294 59.3121
-0.2271 450.6948 37.3974
-40.7396 450.1138 68.1446
-5.4249 450.4397 53.9140
-35.5616 450.1735 68.9667
-6.4643 450.8704 54.3738
6.6604 450.1715 42.0783
-46.0837 450.0145 66.1045
-36.0508 450.1097 70.2288
-60.9961 449.9303 44.5016
7.4768 450.3728 50.2990
-56.1814 450.1216 55.4995
-49.4007 450.1891 67.4729
9.0622 450.5382 47.9681
-62.7562 450.0846 55.5437
-49.0775 450.0008 71.2982
-47.2632 450.0138 74.6319
-51.2791 449.8328 72.4044
-32.2107 449.9311 77.6064
-35.0155 449.9423 79.4916
-52.2458 449.8205 77.9428
-55.0322 450.2259 70.2116
-58.4801 450.1959 67.4348
-63.8505 450.1351 66.4233
-63.4366 450.3824 -59.9887
-59.5913 450.4751 -63.4120
-66.6483 450.5309 -60.7439
-65.9901 450.5211 -56.9319
-60.5688 450.5934 -64.7101
-64.2554 450.2785 -65.3197
-68.0395 450.4072 -58.1455
-67.8637 450.8410 -54.2103
-64.9279 450.1473 -66.4135
-60.2889 450.4524 -49.9944
-65.6986 450.0297 -67.1285
-48.6012 450.3246 -54.2468
-68.8007 450.1169 -66.5467
-61.5785 450.4370 -47.6702
-59.6734 450.1711 -70.1030
-68.5354 450.7856 -52.5961
-61.0209 450.0934 -70.9021
-73.8032 450.3146 -60.0561
-47.7156 450.3625 -56.1763
-61.9389 450.0114 -70.8188
-68.5270 449.6047 -68.4826
-45.8304 450.2445 -51.0273
-57.0623 450.1928 -71.1732
-73.0758 450.3988 -52.7394
-41.9331 450.2435 -51.8298
-62.0655 449.5907 -71.9067
-74.0581 449.6037 -64.6805
-52.3946 450.1949 -42.7631
-60.4389 449.7496 -72.2052
-79.2173 449.8990 -61.1374
-62.1134 450.5435 -42.0799
-44.7029 450.1353 -45.6145
-75.0417 448.8284 -65.6886
-53.2058 450.4307 -39.3788
-63.7579 447.7474 -73.3544
-76.5150 450.4433 -50.5157
-48.8217 450.2808 -40.2233
-53.8140 450.1901 -73.7448
-79.9312 450.2456 -55.7492
-60.7004 448.1227 -74.3172
-80.9026 449.9958 -58.6177
-56.0132 450.3115 -35.1000
-56.0059 449.7338 -74.9541
-52.6710 450.4586 -35.3180
-83.5622 450.4423 -50.2606
-64.6249 445.9285 -75.2116
-76.3957 450.3874 -41.8551
-69.2820 444.4380 -74.6907
-57.9310 450.3776 -29.9535
-85.4139 450.5313 -44.2010
-54.5600 450.3418 -29.0610
-85.4011 450.4792 -42.6003
-65.9613 445.1403 -75.9510
-89.9997 449.9189 -53.0434
-89.5911 450.1958 -48.3451
-68.4195 444.1112 -75.9902
-60.3048 445.5882 -79.4473
-68.2792 444.3564 -76.3902
-65.9558 444.6427 -78.5236
153.5562 449.6533 117.7285
161.1894 446.1455 106.3350
152.0250 449.9428 124.3159
151.6284 450.1173 124.0333
150.7484 450.1595 120.5060
150.5725 449.3022 122.4600
11.6884 461.7279 104.5191
11.9256 462.5387 104.6654
9.5055 462.5516 104.7089
14.5694 459.9329 101.5007
9.4174 463.9752 103.9487
13.0054 462.5208 101.9949
15.5038 454.4854 101.8433
17.4186 459.9977 100.5918
5.6197 462.3147 104.0647
3.1852 453.3842 102.4750
16.1947 452.9118 102.2281
6.6545 463.8196 103.6736
18.4223 455.7863 101.6834
10.1645 466.7856 101.5148
5.4374 451.9953 103.4269
16.3058 465.1316 99.4977
-0.2309 452.4572 101.8851
8.9148 450.7456 103.6013
6.7440 468.3860 102.1350
-1.8964 453.9394 100.0291
20.3297 460.9310 100.6576
3.0990 451.2863 104.6764
20.5195 456.1138 103.5587
2.9152 465.1852 103.3555
20.7068 455.2014 103.9315
5.9002 469.2481 100.6101
-4.0344 460.8606 99.0280
21.2320 458.2911 103.1839
0.7378 450.6631 105.4905
-5.4220 454.6976 98.4689
4.4277 469.0899 101.8295
-7.2891 457.6040 97.6110
21.9790 458.8697 103.3385
0.2220 466.0596 103.1927
22.0962 459.7800 102.8787
-1.4467 466.3553 99.9378
23.1199 450.1520 106.8804
2.4141 468.7642 100.9245
-7.5520 454.6071 98.0342
22.9867 460.1249 102.9574
-5.3923 465.6551 96.8808
23.3156 458.9614 103.3688
-9.5286 455.0231 97.8275
27.6196 452.9448 104.1211
-1.6976 468.3579 96.8665
24.1999 459.2539 103.2700
-11.0814 461.1092 95.3945
-7.4570 450.3148 101.4002
-13.2523 457.3494 96.8423
-10.1845 466.3723 94.9938
0.4904 469.2678 96.9553
-13.5254 456.5125 97.1640
-10.8641 467.5189 94.5154
-9.9245 468.3058 94.8603
-15.6310 458.7861 95.3545
-14.2882 463.9584 91.5903
-12.9854 468.4615 92.3627
-11.1347 469.4468 93.9578
-10.5221 469.8303 94.1187
-17.5872 459.7319 93.6821
-17.7300 450.9970 95.9197
-19.6692 451.2684 93.6096
-20.7287 452.4184 90.8806
-20.7402 455.9278 90.6296
-139.8910 449.6043 24.7312
-139.8762 449.5233 19.4988
-138.0655 449.8241 17.5660
-132.0244 449.3633 27.3474
-135.4188 450.0917 15.3220
-136.0050 449.3929 32.4382
-129.7319 449.4848 30.4170
-141.3261 448.2559 13.3279
-132.6929 449.6818 35.9798
-130.1781 449.7264 37.9301
-129.9794 449.9594 9.0113
-127.2806 449.8529 8.3757
-141.3297 447.1200 7.5070
-144.3557 445.2787 11.7312
-142.1625 446.2559 7.1194
-135.9165 449.2870 3.7870
-140.0835 446.4491 3.1849
-123.8492 450.0704 4.6507
-131.2646 449.6166 -0.0610
-131.4320 449.5907 -2.0783
-122.8570 449.9823 5.7655
-140.6280 444.0769 -1.6288
-138.4218 446.0379 -1.6362
-145.1022 442.0896 1.3708
-134.6022 448.5461 -3.3868
-120.4894 449.9061 -5.8564
-142.9527 441.0711 -5.3549
-137.7491 445.4620 -5.5208
-147.2202 438.4409 0.0873
-136.3476 446.0473 -6.3404
-137.2842 445.2855 -7.1098
-139.1171 443.6104 -10.4178
-105.6906 450.1045 -5.9248
-135.3241 444.3135 -11.9307
-134.5515 444.7580 -11.7984
-100.9146 450.1244 -9.5747
-106.9722 450.1928 -13.3409
-99.1133 450.1676 -10.1216
-106.2187 450.1290 -16.2289
-108.5568 450.1135 -20.0240
225.0110 5.0433 -118.6454
230.1371 5.1966 -114.4019
181.4324 4.1670 -141.4588
173.2025 3.1455 -156.9046
183.1368 4.9793 -171.3463
174.8461 3.1148 -161.1965
179.2778 5.1059 -103.0800
-21.6064 451.9600 57.8363
-23.3632 449.9373 52.4195
-24.0939 450.3275 60.0011
-23.7715 450.5103 60.0870
-26.5075 450.0235 61.2613
-26.2911 449.7944 52.6190
-27.7628 450.1411 63.2708
-25.6609 450.8571 64.2289
-23.3791 457.4481 58.2094
-26.8192 451.2311 66.7523
-25.2828 459.5272 63.2689
-27.7183 451.4306 72.6274
-28.1050 450.3893 68.5940
-23.9179 461.2376 59.8301
-23.5597 461.7831 59.8504
-24.0054 461.2148 57.8672
-23.2329 461.8025 58.3594
-25.8205 462.9973 64.7763
-24.7397 461.1110 56.8694
-22.4068 462.5468 58.9934
-23.5272 461.7544 56.1075
-27.6130 462.6880 70.1948
-23.3428 461.1441 54.5904
-22.6439 459.4435 53.0866
-20.0850 463.7229 57.9464
-19.1887 467.6995 64.2670
-20.3258 462.9384 56.1767
-24.9677 465.2877 67.3225
-21.9744 467.2855 67.6265
-26.5547 464.6683 68.3462
-16.7637 468.0357 61.9213
-21.1238 460.6129 53.3411
-25.4259 465.5489 68.8775
-23.7050 466.5384 69.0457
-19.4111 469.8586 67.9307
-24.8101 466.0327 72.0742
-13.7327 468.8020 61.0099
-16.4650 471.4576 65.5079
-24.0101 466.3709 72.9138
-14.2482 467.9529 57.8388
-14.3621 467.8639 56.7018
-20.9055 468.4684 72.4622
-16.2184 472.9871 66.8209
-21.1037 467.9124 73.6672
-15.9235 473.8301 70.3580
-19.3715 469.1507 74.9451
-16.5637 473.3716 71.9717
14.6236 460.9475 31.0937
12.6178 459.2828 32.7258
15.4864 463.7495 27.7490
12.2382 458.5949 33.1023
13.4990 457.0038 33.8780
8.8257 461.4349 30.7690
19.7478 461.7597 31.2010
18.3555 463.7066 28.3359
7.9340 461.4395 31.1229
17.9533 463.9355 27.6439
12.6139 465.1791 25.3619
17.8443 464.3142 25.0877
5.5250 457.2679 33.2881
22.2094 463.8131 27.9042
19.1846 464.0590 26.9651
5.3326 454.6094 34.1156
15.7149 452.8682 37.0446
22.0154 464.3135 26.3437
14.9767 464.8205 22.2400
10.9836 452.4807 36.0789
20.3757 464.3894 23.6845
23.1971 456.3512 36.1743
22.5413 453.6275 37.1187
26.5397 461.5338 32.0175
12.9308 451.5759 37.9425
19.1434 464.5048 22.7335
22.3588 464.3933 24.2527
16.5201 451.5184 39.2331
27.9598 462.0276 31.8429
5.0645 450.7206 38.2413
19.2705 464.3570 21.7997
26.8287 464.1815 26.5747
14.3018 451.0234 40.5318
29.2400 462.0461 32.0853
28.6592 457.7233 36.0667
12.6005 450.7639 40.3990
27.2977 454.6683 38.5537
13.3592 450.5568 41.9071
28.1572 464.3232 24.0418
10.3299 450.2330 42.3020
30.3600 463.2927 29.5690
8.5847 450.2458 42.3911
31.4101 461.4175 33.0952
29.8169 454.2914 39.0826
32.2547 461.9644 32.3121
25.7703 451.9337 42.2792
29.7177 463.9081 22.8120
23.7180 450.4885 45.1960
28.4496 453.0199 41.2982
20.0241 449.7506 47.9100
31.8984 463.8576 23.9093
13.3157 450.1371 47.6934
32.8008 463.5795 23.6425
10.7546 450.5634 48.3991
36.0167 463.5785 30.6597
33.5233 452.5694 39.6231
37.7246 461.2312 33.5213
37.6758 458.3226 34.8867
36.9782 463.6261 25.5739
26.6423 450.2143 48.7447
36.9125 463.6222 31.0475
39.6317 456.6888 35.6290
31.1537 450.7434 45.2388
40.1011 463.7336 25.5620
27.2191 450.1429 50.9930
36.9090 452.1899 40.1860
31.8711 450.5468 45.6596
41.7380 463.9651 30.2827
31.1628 450.2481 47.6678
42.1695 456.5056 36.1069
43.4759 463.9562 29.7815
33.8148 450.4266 49.9646
43.6860 455.6693 37.3498
44.6557 463.8718 28.6860
46.6809 462.7033 34.3995
46.6165 464.0061 33.3711
44.8396 453.5627 40.5334
46.3223 455.0413 39.3758
44.6942 452.5971 42.4156
47.8331 464.6359 30.2493
50.4205 464.4297 33.8522
51.5763 463.0004 36.8542
50.7532 460.1583 37.9135
50.9074 457.6524 40.4610
50.8038 464.9343 32.3895
51.5740 464.8410 32.4001
53.8075 464.6885 34.9504
54.0887 464.9504 36.5169
54.5837 464.3770 40.3977
56.4727 464.5413 36.4868
55.4812 465.0614 40.9960
56.0520 464.5862 42.5716
58.1184 463.9262 36.3454
56.1438 465.4216 40.2583
57.6303 464.4776 47.5184
58.7721 465.6826 49.8717
60.5375 465.2609 49.6706
59.5938 466.0543 51.6210
57.7437 466.6708 54.9702
-150.8865 187.8727 -28.2650
-145.2231 189.6900 -37.0222
-153.4665 187.6610 -25.2968
-148.9885 189.5376 -37.7144
-154.4718 186.9466 -22.1394
-155.7687 186.8598 -21.5732
-147.5850 187.8628 -14.0903
-158.0031 187.8296 -23.4629
-161.0231 184.9148 -22.4755
-156.3057 149.0296 -44.2096
-160.2748 186.1958 -12.9329
-158.6110 184.9305 -8.2076
-148.0910 126.3364 -77.7114
-152.1911 122.1535 -69.1676
-157.9743 184.4046 0.4877
-163.7089 185.7523 -2.4559
-171.6343 185.4635 5.8082
-173.4681 185.5002 9.1823
-173.9640 185.7732 11.0923
-169.2854 186.7287 10.2694
-166.7486 186.7585 12.6030
-166.1123 188.1933 15.8949
-167.1855 188.9618 19.6841
-171.7822 188.8385 30.2498
-169.9381 188.6358 32.2636
-176.4446 187.7228 32.3735
-177.0762 187.1256 31.2375
-178.7360 185.0857 37.4518
-180.0656 183.3426 39.3970
-175.3236 197.1041 63.7789
-176.8445 198.2329 65.7302
-177.3676 198.2060 69.6180
-177.8565 198.7965 67.7793
-178.1884 199.3296 69.7731
-181.1483 188.1977 61.8628
-179.6183 192.6062 70.9631
-118.3261 3.7934 -295.4018
-138.9476 2.7831 -289.3583
-140.5280 2.4635 -286.2173
-154.3121 0.1475 -305.1787
-127.8094 2.0619 -324.7745
-148.6881 1.6038 -328.1101
-162.6790 1.4251 -324.7584
-141.4711 -1.3855 -335.2518
-137.9302 -1.9680 -336.3287
-158.3822 1.8884 -254.3959
-124.1121 1.3091 -332.3955
-125.4574 0.5984 -333.8042
-164.8891 0.8927 -333.1207
-128.1874 -3.4580 -341.0620
-128.5688 -5.0234 -345.1456
-125.7968 -5.1443 -345.9147
-189.0698 1.8008 -324.3348
135.8404 2.9758 -112.8598
154.7811 3.2887 -130.4713
157.5785 1.2163 -121.9175
160.8200 2.7795 -105.0653
163.0264 1.8626 -117.8886
178.2394 6.8023 -121.6023
169.0277 4.8296 -99.0449
177.4781 5.5670 -89.9832
179.2778 5.1059 -103.0800
134.6955 449.0491 158.1759
143.5556 440.3659 154.1997
133.0846 449.0762 159.6700
133.6434 449.5683 158.6410
132.9095 449.3845 155.4642
139.9777 449.9556 146.3785
130.7438 448.0234 162.5822
132.1200 449.3449 155.0365
142.1759 450.5269 140.8490
135.8348 449.6871 149.7429
126.6179 447.3878 167.8887
133.4856 449.9336 149.8722
127.6245 447.2421 166.7499
138.4084 450.1797 143.9746
124.2120 447.5855 171.2362
134.6960 449.8483 147.9170
120.9149 445.9046 176.0169
138.9213 450.2752 141.9828
127.3514 449.0307 159.4558
133.1699 450.0682 144.8157
135.6698 450.1991 141.7841
121.3767 449.1144 166.7315
123.1300 450.1428 153.0714
117.3946 448.4223 173.7491
121.4929 449.9736 158.4622
119.8704 449.9683 161.4178
119.6325 450.0246 155.0761
118.4604 449.9891 155.8247
115.5445 449.8749 166.9477
115.1881 448.0962 177.2728
116.5546 447.3337 177.4434
112.1735 448.2253 179.1730
108.7776 448.7495 180.7499
-20.6353 462.7929 82.1158
-17.6837 467.4985 82.2149
-18.7280 461.9509 86.1634
-15.6599 468.9967 83.9744
-15.0126 469.8370 83.2113
-15.0127 469.7387 84.1396
-17.9194 460.9109 90.0581
-17.1113 461.6197 90.2268
-15.5153 462.4771 91.4382
-19.3702 458.9209 88.4160
-21.8919 456.3814 82.5282
-16.5736 461.6265 91.6820
-19.7152 458.2134 89.2384
-17.0755 461.0565 92.5409
-18.9011 459.6016 91.1550
-24.6986 454.6238 80.5716
-18.9381 459.5189 92.1156
-27.1189 460.5790 78.9378
-20.5115 456.6883 88.4975
-26.5974 462.3877 78.8015
-13.4540 471.6883 89.0662
-25.9073 462.7721 77.6785
-16.2787 459.9078 94.5814
-27.0762 461.8932 78.5797
-27.7270 455.5534 75.1568
-22.2658 451.2141 87.0192
-27.9439 460.8016 77.3797
-27.1593 450.3729 81.0235
-24.9879 464.6351 75.5716
-28.2095 450.3030 75.2408
-23.0983 466.0642 74.6774
-28.4351 460.4045 75.6490
-23.6425 450.1525 89.1933
-22.6719 466.8027 73.5205
-21.1037 467.9124 73.6672
-27.8189 460.9933 72.0922
-24.7394 466.0959 72.7610
62.6442 434.0920 220.9407
62.3411 434.2555 220.6145
60.1235 434.8122 222.1200
67.6042 435.5085 218.4343
58.7493 438.5618 219.5208
57.0620 435.3781 222.2536
55.6361 439.0845 220.3603
55.6355 435.5310 224.4959
72.2598 443.2780 215.2392
71.4427 445.6896 211.8489
74.9427 445.6501 212.3964
73.7496 447.2328 208.5586
67.2404 447.9706 209.5609
66.4299 448.5058 208.5000
80.9963 445.8625 209.4639
77.5007 446.5826 207.6424
84.3737 443.5128 208.9188
61.2444 448.9590 209.1469
77.6996 449.0345 201.6909
79.0414 448.4974 202.8480
87.8169 439.4578 207.7126
88.2135 437.6265 208.9454
80.7595 448.7597 201.5710
85.7406 447.3092 201.4447
89.9235 435.6930 208.6916
82.9831 449.0828 198.6729
93.0021 435.3233 205.8500
93.7160 435.2006 205.3325
93.5124 435.9877 206.6625
93.0007 436.1030 207.0872
99.8174 433.8969 202.0495
-108.8108 0.2047 -290.6061
-109.8108 6.5676 -296.6253
-93.1587 1.7082 -316.2266
-80.7164 1.0037 -316.4389
-107.9953 1.7993 -322.1302
-88.3215 0.1014 -335.7051
-90.8960 -1.3449 -341.1855
-80.8277 0.4197 -336.9137
-51.4118 1.3756 -328.3884
-51.7541 1.6422 -358.2537
-60.1805 2.6931 -345.1046
-29.4038 2.1461 -344.5282
-128.3664 -4.9023 -346.9603
15.5759 511.8704 30.9545
18.3963 512.0375 27.8176
19.1016 512.9946 26.9981
18.2595 515.0022 27.9562
15.1969 515.3658 29.3885
18.0111 515.6270 27.8910
16.6113 516.3576 28.4594
18.2265 516.3101 27.4397
14.9501 517.1149 28.8793
20.7819 512.2548 23.2630
15.5618 505.2186 33.3955
15.1509 504.4905 33.4884
20.3710 501.2211 26.8647
17.1062 497.4620 31.6230
10.6994 502.5195 35.0116
16.9261 495.2894 31.2153
16.2796 494.1400 30.6948
13.8413 492.9438 32.2131
8.9455 492.2557 35.1966
5.3899 488.2322 36.0425
3.0793 477.4892 26.1373
63.4947 193.0048 -104.8594
71.2871 190.9708 -95.7577
52.8318 191.8199 -99.9330
67.4497 192.3902 -106.9125
53.1532 192.6440 -107.2930
48.1541 193.4958 -103.3464
58.1796 189.7191 -112.0844
50.3812 191.3656 -111.3055
45.0447 193.2986 -110.2771
49.0054 189.9756 -114.8520
42.5695 194.1755 -109.8508
41.2260 190.4039 -119.6094
34.7072 188.3266 -122.5301
33.6557 192.1377 -118.7758
28.2593 191.7160 -121.7142
-6.9575 187.6556 -112.4708
-4.1435 186.0695 -108.6644
-7.9212 188.8293 -107.9309
-11.2202 186.9945 -115.6130
-10.6138 189.5552 -106.3483
-14.8437 190.3052 -108.1453
-12.3444 189.5858 -105.3574
-18.8550 190.6054 -106.8068
-22.4838 189.7176 -104.7483
-158.1309 440.4343 43.6690
-156.3965 436.4696 32.3315
-157.7555 442.7633 48.4634
-155.3712 442.4551 32.0801
-154.3096 444.8735 38.2718
-157.1828 444.2933 52.3109
-152.3101 445.7418 39.3712
-147.7976 448.0817 43.9893
-154.8683 445.2788 52.0083
-157.7287 438.6995 46.2272
-147.7346 448.4139 46.6334
-157.2147 445.5995 56.5081
-149.1957 447.1833 38.0303
-153.1582 442.5710 24.3468
-151.0172 444.0197 30.0775
-152.3232 443.0847 27.8659
-147.2778 448.0311 35.1227
-153.8476 445.9478 55.4427
-152.3569 439.9246 17.2422
-151.0545 442.3925 18.9569
-149.1881 444.3948 22.2769
-148.3133 442.6042 14.9074
-147.2465 443.8196 15.4809
-149.6047 439.8426 9.2699
-144.8103 445.7140 13.7269
-146.1109 441.7216 8.8695
-145.2864 442.7587 7.6351
-145.9206 127.6286 -80.3040
-148.0910 126.3364 -77.7114
-133.4900 131.9876 -91.2147
-138.2952 123.3811 -94.0936
-147.6716 120.5530 -84.5553
-136.8420 122.4415 -95.1677
-130.3219 130.4539 -95.1869
-139.8237 119.6570 -94.9934
-123.1233 145.3348 -86.1017
-119.6664 144.3201 -88.7925
-119.9433 151.1122 -82.8240
-115.9688 153.4889 -84.2769
39.6351 450.7189 46.8155
40.5438 450.9852 45.4551
42.7954 451.0527 46.3219
43.6092 451.1117 46.9496
44.1052 451.3260 46.1162
45.6052 451.5957 47.6291
43.2745 452.2112 54.2753
33.2854 450.4028 53.6191
40.7813 452.2102 41.2585
40.8106 452.5052 56.0244
46.4912 452.7327 53.5864
34.0152 451.7172 41.0748
48.1750 452.6725 47.9546
32.6817 450.6856 56.1902
33.7108 452.0119 40.3412
45.9741 454.0726 56.2751
48.6710 453.8575 45.1739
36.6631 452.4208 58.4003
48.2658 455.2957 55.9551
29.0038 450.5649 60.4384
29.9837 450.8236 60.2534
34.3847 453.6971 61.2811
48.0586 456.8288 57.8475
41.8196 458.2118 62.0563
34.4351 456.1572 63.6807
32.4560 454.9477 63.3532
31.5308 454.1892 63.1988
35.6371 459.1261 65.2852
36.0057 461.0216 66.0753
45.1815 467.3135 64.3081
30.1644 455.2628 64.8598
41.8937 468.7001 67.2966
46.5450 468.7352 64.3733
41.1083 469.1981 68.1065
37.0241 468.7919 69.4167
33.8924 468.3573 71.7475
47.1389 469.3615 64.9622
40.8478 469.7030 68.9797
32.3528 468.9746 73.2823
50.5857 468.4264 61.3493
49.9754 468.9758 62.8548
49.4938 469.2824 64.4569
50.8665 469.0044 63.6779
53.2342 468.2172 60.5206
53.4644 467.7613 57.8216
56.9550 466.7640 57.1157
56.0563 467.2911 54.5316
56.6611 466.7286 53.1960
56.4018 465.9002 52.2588
17.3659 497.1614 23.5447
18.8907 498.2958 25.5711
19.6268 499.7867 24.7632
18.0246 499.2549 21.8907
20.2005 501.6164 23.8928
10.7061 490.7598 21.9326
20.2019 500.2508 26.8252
19.9860 500.6659 27.5433
17.2051 498.6574 31.3901
6.5447 484.4301 30.1691
19.9236 505.6003 21.0361
20.3433 505.3713 25.7836
19.9121 509.1449 20.5141
20.7981 510.4446 23.9193
7.2385 460.5134 77.0807
6.3950 464.9128 77.3584
9.5969 460.4183 77.2388
9.7625 458.6567 77.0583
4.4497 459.0580 75.9860
8.8511 457.5132 77.3046
3.3662 462.4969 74.9702
13.3816 464.0350 77.4792
13.5658 465.2767 78.0231
13.5652 459.1517 75.9020
9.1150 453.9444 78.1243
2.7984 466.1778 76.4586
2.4379 465.7961 75.3929
10.3065 468.5459 81.0909
9.0846 469.0769 81.5054
16.1093 454.5102 74.6778
7.7482 451.9524 78.6355
9.9781 451.1951 77.2366
17.8658 468.8876 79.9430
15.9011 452.1496 74.3587
11.7033 450.8947 74.9315
12.6154 450.8448 74.0309
16.9831 451.5290 73.2847
15.3212 451.1471 73.7742
15.8200 450.7022 72.6089
22.4423 452.7278 70.4056
23.2474 452.9336 69.8599
16.9463 450.3734 69.5364
23.6776 451.6770 68.0478
23.2599 450.8454 67.3008
23.9536 450.6807 66.6032
24.3537 450.2870 65.0659
26.1555 450.5389 63.5386
-175.1981 170.0184 11.1824
-174.2671 187.8117 19.3574
-172.5072 188.6921 20.5364
-170.4078 189.3280 17.6615
152.7053 132.7544 -81.7566
160.4821 142.5853 -73.6040
159.3479 126.9961 -82.4902
150.1154 126.4490 -84.6155
149.0134 122.6674 -85.5983
163.2454 123.5028 -83.0297
163.0160 119.0830 -85.2821
166.8722 120.8113 -83.5614
160.4820 108.5002 -88.4490
169.1795 116.4240 -84.8722
157.7121 88.8214 -88.4893
20.5647 189.9549 -124.5702
14.2916 191.5732 -124.4097
30.5138 189.2867 -123.1275
32.3961 191.0243 -121.5017
7.6700 190.3203 -124.3262
3.6447 189.2807 -122.7291
-5.6345 189.1420 -123.2426
10.8532 529.3854 22.0681
13.0508 527.5049 22.6306
12.0052 527.3304 19.8353
8.8518 530.7730 20.8749
8.7825 530.6765 20.4868
14.0939 526.3464 20.9314
8.4603 528.0788 26.5546
7.7640 530.2206 25.4793
14.7322 525.8711 21.3692
11.2145 525.7900 26.9562
6.5929 531.0679 25.8161
15.1384 524.8352 20.4675
12.0796 525.1802 27.1303
15.0379 523.2394 26.8131
6.0133 533.0287 22.6368
16.8810 523.3365 23.2930
16.7198 523.3930 22.4206
5.5889 532.3324 25.0700
5.5133 533.1035 22.1773
15.8774 521.8115 27.1517
4.2581 532.9429 23.8899
17.6725 522.3794 22.1708
18.6952 521.5092 24.4311
3.2548 532.5402 25.8421
2.1167 532.0225 20.2980
17.6085 519.3409 27.1042
2.7159 532.9589 25.0434
16.4966 518.3760 27.9212
19.0885 520.0409 25.5430
0.3095 532.6984 24.0701
-0.1305 531.8301 19.3879
-0.5446 532.6129 23.9611
20.2191 516.9195 21.8857
20.5431 516.2623 23.2853
-1.6551 532.8878 25.3365
20.7428 513.5852 22.9698
3.5196 529.1200 16.3892
6.7596 528.6677 16.0757
3.0021 529.9446 17.7050
2.4521 528.0381 16.1894
4.2491 531.5574 19.7568
1.0563 528.9506 16.9473
2.0500 526.4602 16.1208
1.9571 531.6476 19.5078
0.0005 531.6091 18.7293
-1.4831 531.4685 17.8057
3.6418 467.3610 29.8759
-0.0963 467.0616 32.7519
4.9063 464.8199 30.7041
5.9870 465.2179 29.5430
6.3539 465.8765 28.6078
5.1677 468.0780 27.0234
7.8634 463.7104 29.4282
6.9888 466.7892 26.5335
7.9605 466.0039 27.1712
8.6150 465.8934 26.8436
8.4154 466.3386 26.0250
7.1789 468.1004 22.3965
7.8961 467.6963 22.0549
13.7282 465.1611 22.7975
166.7344 442.2970 42.4799
165.7667 443.3115 44.4556
166.0499 442.8002 40.4252
165.0773 444.8933 52.4112
161.6776 446.3614 44.8776
164.6882 445.4751 71.7457
167.9238 442.6939 73.1800
165.5995 445.2633 79.1994
163.3663 446.7938 81.5925
165.2440 446.4813 85.5471
-26.2124 440.3903 -91.8979
-21.5708 439.7284 -92.6901
-20.1926 442.3011 -92.3801
-30.0176 436.0974 -92.7673
177.4781 5.5670 -89.9832
-3.2783 531.2512 22.4385
-2.8055 531.5368 22.2253
-4.4007 529.9596 19.8225
-2.8104 531.5539 20.1470
-4.9902 528.7195 19.5267
-5.1823 529.0747 19.0977
-2.7185 531.7869 18.5443
-3.4805 531.5763 17.7571
-0.4495 531.8321 18.8663
-2.8525 530.4139 17.2399
-161.4430 -3.7630 -107.0754
-166.4277 1.8759 -120.1232
-147.8182 -3.9136 -110.7183
49.1095 454.0875 52.6011
50.0903 454.2962 50.0147
48.9059 453.1264 49.4496
52.0215 456.0814 49.1380
53.3383 458.1880 49.2281
50.2665 459.9672 58.2559
48.4401 460.2185 59.7476
51.9367 462.0993 56.4736
54.9212 463.7274 51.6597
50.4620 462.7129 59.0758
47.4885 464.6499 61.7786
51.7094 464.4450 58.0081
48.6698 466.6111 61.5614
50.4078 467.2950 60.5517
54.8675 467.4588 55.7941
55.1563 467.6411 56.7726
-155.1137 435.8974 23.8120
-152.5527 438.5770 14.9875
2.0422 523.3255 17.5679
2.9871 522.8968 16.4926
-3.4925 527.2967 19.3776
-4.1244 527.9600 20.6047
8.4785 516.6292 17.2923
160.5581 437.1269 116.6668
124.5069 95.2436 -94.9387
257.5727 7.1860 48.4415
263.4681 8.1905 54.9858
44.2246 437.6765 227.4456
65.0437 449.3575 183.9170
62.6257 450.2486 187.3255
67.6751 449.7938 190.5101
85.3515 439.4274 210.5058
-9.3820 451.9387 33.2363
-8.8852 451.5207 34.3224
-8.3008 451.1123 35.4458
-17.6227 450.0917 32.8384
-7.6618 449.9732 209.5537
-3.2480 449.6906 210.5816
-4.0761 449.2103 214.9058
-1.5914 449.4182 213.6994
53.2356 451.0795 -55.6274
48.2910 450.9305 -55.9433
-1.7533 530.3251 17.1600
-2.1147 528.9616 17.2527
-5.2006 528.4318 18.7223
-14.8373 460.9801 29.7142
-15.6547 461.6060 29.7414
-14.6029 457.0648 26.9408
-17.5270 462.3534 28.9534
-18.3692 464.3607 26.3039
-17.4849 465.5497 27.7435
-17.8488 465.6709 26.9945
22.1446 433.4304 231.1067
24.8788 433.7230 232.2374
50.9349 436.6249 226.0547
-110.9637 445.2118 181.5745
-23.4884 437.3915 229.4559
-30.3462 437.0274 228.0534
72.1190 444.2471 -80.5672
68.7537 443.5425 -81.6072
-15.4518 450.6622 53.5610
-16.4054 450.6554 53.9788
-14.8625 453.8910 55.8480
-15.6582 455.8017 55.7950
-15.7437 457.2412 55.5348
123.4365 439.6605 179.8744
130.6892 441.8682 171.0576
-105.9542 -2.8414 -338.4180
-138.3606 442.9899 -14.3150
48.8872 442.0025 -88.7217
-23.5005 458.1489 54.1003
1.0040 524.5528 17.2285
2.5630 523.6465 16.3160
-15.1604 464.1248 54.4805
-19.0158 462.8085 55.0578
-20.4926 460.8002 53.7148
-68.7409 449.7893 85.0291
-70.5331 449.9232 83.6969
-64.4691 439.9649 217.6534
397.1407 9.0635 235.1230
-12.5875 473.4897 67.9827
-15.2112 474.0165 68.0425
-14.9631 473.9652 71.1303
-15.8640 473.8764 69.2227
-14.4202 472.6171 65.8218
55.1645 435.8928 224.3459
113.9181 186.5671 -71.5000
-64.3645 -9.4253 484.2457
137.0749 175.1614 203.8518
4.6484 521.0155 16.5618
-294.3481 1.8886 244.8720
-21.4363 459.0481 53.2449
27.7369 433.8220 231.5036
-103.7042 180.8521 -89.7001
12.4338 462.8941 102.4585
11.3941 463.5516 103.8579
302.2231 5.1656 -187.9005
14.7430 498.6375 16.6500
159.1198 443.6545 13.2683
83.1290 443.5546 -75.5958
168.6045 442.4537 67.8118
126.7028 435.6905 177.8412
-146.7523 11.1368 503.3330
-23.8788 458.2970 54.9958
109.7786 3.5870 -353.5723
-173.8082 -5.4052 329.7233
12.6940 187.4120 -125.4116
-111.7351 444.9956 180.5346
136.8086 445.0484 -22.8368
257.5364 6.6874 19.5651
-114.8915 445.2661 177.2941
102.0805 434.2003 201.0646
-46.0281 435.4421 223.9409
4.4328 487.4608 17.8186
56.3423 192.5693 -103.4267
-206.2594 -0.1018 4.1458
-103.3072 444.3917 188.8063
-206.2594 -0.1018 4.1458
64.8039 435.0549 218.5839
4.6239 490.7868 16.6049
97.4736 151.2356 -104.2091
59.5127 192.5709 -101.8021
163.2871 142.8082 -73.0003
36.9561 470.3106 77.3556
-50.9523 186.1315 -116.5960
-175.7328 183.5687 15.3945
-109.4507 446.6048 180.8083
157.7121 88.8214 -88.4893
7.7099 460.6640 32.2610
20.3757 464.3894 23.6845
-142.2024 188.3593 -52.1947
-137.9994 122.1093 -95.1000
-23.8664 458.3796 54.3178
115.5933 447.5683 178.2517
100.0509 434.5135 202.6872
116.1467 448.1263 177.9017
